glyph_index	shift_jis	character
512	0020	 
513	0021	!
514	0022	"
515	0023	#
516	0024	$
517	0025	%
518	0026	&
519	0027	'
520	0028	(
521	0029	)
522	002A	*
523	002B	+
524	002C	,
525	002D	-
526	002E	.
527	002F	/
528	0030	0
529	0031	1
530	0032	2
531	0033	3
532	0034	4
533	0035	5
534	0036	6
535	0037	7
536	0038	8
537	0039	9
538	003A	:
539	003B	;
540	003C	<
541	003D	=
542	003E	>
543	003F	?
544	0040	@
545	0041	A
546	0042	B
547	0043	C
548	0044	D
549	0045	E
550	0046	F
551	0047	G
552	0048	H
553	0049	I
554	004A	J
555	004B	K
556	004C	L
557	004D	M
558	004E	N
559	004F	O
560	0050	P
561	0051	Q
562	0052	R
563	0053	S
564	0054	T
565	0055	U
566	0056	V
567	0057	W
568	0058	X
569	0059	Y
570	005A	Z
571	005B	[
572	005C	\
573	005D	]
574	005E	^
575	005F	_
576	0060	`
577	0061	a
578	0062	b
579	0063	c
580	0064	d
581	0065	e
582	0066	f
583	0067	g
584	0068	h
585	0069	i
586	006A	j
587	006B	k
588	006C	l
589	006D	m
590	006E	n
591	006F	o
592	0070	p
593	0071	q
594	0072	r
595	0073	s
596	0074	t
597	0075	u
598	0076	v
599	0077	w
600	0078	x
601	0079	y
602	007A	z
603	007B	{
604	007C	|
605	007D	}
606	007E	~
641	00A1	｡
642	00A2	｢
643	00A3	｣
644	00A4	､
645	00A5	･
646	00A6	ｦ
647	00A7	ｧ
648	00A8	ｨ
649	00A9	ｩ
650	00AA	ｪ
651	00AB	ｫ
652	00AC	ｬ
653	00AD	ｭ
654	00AE	ｮ
655	00AF	ｯ
656	00B0	ｰ
657	00B1	ｱ
658	00B2	ｲ
659	00B3	ｳ
660	00B4	ｴ
661	00B5	ｵ
662	00B6	ｶ
663	00B7	ｷ
664	00B8	ｸ
665	00B9	ｹ
666	00BA	ｺ
667	00BB	ｻ
668	00BC	ｼ
669	00BD	ｽ
670	00BE	ｾ
671	00BF	ｿ
672	00C0	ﾀ
673	00C1	ﾁ
674	00C2	ﾂ
675	00C3	ﾃ
676	00C4	ﾄ
677	00C5	ﾅ
678	00C6	ﾆ
679	00C7	ﾇ
680	00C8	ﾈ
681	00C9	ﾉ
682	00CA	ﾊ
683	00CB	ﾋ
684	00CC	ﾌ
685	00CD	ﾍ
686	00CE	ﾎ
687	00CF	ﾏ
688	00D0	ﾐ
689	00D1	ﾑ
690	00D2	ﾒ
691	00D3	ﾓ
692	00D4	ﾔ
693	00D5	ﾕ
694	00D6	ﾖ
695	00D7	ﾗ
696	00D8	ﾘ
697	00D9	ﾙ
698	00DA	ﾚ
699	00DB	ﾛ
700	00DC	ﾜ
701	00DD	ﾝ
702	00DE	ﾞ
703	00DF	ﾟ
1	8141	、
2	8142	。
3	8143	，
4	8144	．
5	8145	・
6	8146	：
7	8147	；
8	8148	？
9	8149	！
10	814A	゛
11	814B	゜
12	814C	´
13	814D	｀
14	814E	¨
15	814F	＾
16	8150	￣
17	8151	＿
18	8152	ヽ
19	8153	ヾ
20	8154	ゝ
21	8155	ゞ
22	8156	〃
23	8157	仝
24	8158	々
25	8159	〆
26	815A	〇
27	815B	ー
28	815C	―
29	815D	‐
30	815E	／
31	815F	＼
32	8160	〜
33	8161	‖
34	8162	｜
35	8163	…
36	8164	‥
37	8165	‘
38	8166	’
39	8167	“
40	8168	”
41	8169	（
42	816A	）
43	816B	〔
44	816C	〕
45	816D	［
46	816E	］
47	816F	｛
48	8170	｝
49	8171	〈
50	8172	〉
51	8173	《
52	8174	》
53	8175	「
54	8176	」
55	8177	『
56	8178	』
57	8179	【
58	817A	】
59	817B	＋
60	817C	−
61	817D	±
62	817E	×
64	8180	÷
65	8181	＝
66	8182	≠
67	8183	＜
68	8184	＞
69	8185	≦
70	8186	≧
71	8187	∞
72	8188	∴
73	8189	♂
74	818A	♀
75	818B	°
76	818C	′
77	818D	″
78	818E	℃
79	818F	￥
80	8190	＄
81	8191	¢
82	8192	£
83	8193	％
84	8194	＃
85	8195	＆
86	8196	＊
87	8197	＠
88	8198	§
89	8199	☆
90	819A	★
91	819B	○
92	819C	●
93	819D	◎
94	819E	◇
95	819F	◆
96	81A0	□
97	81A1	■
98	81A2	△
99	81A3	▲
100	81A4	▽
101	81A5	▼
102	81A6	※
103	81A7	〒
104	81A8	→
105	81A9	←
106	81AA	↑
107	81AB	↓
108	81AC	〓
120	81B8	∈
121	81B9	∋
122	81BA	⊆
123	81BB	⊇
124	81BC	⊂
125	81BD	⊃
126	81BE	∪
127	81BF	∩
136	81C8	∧
137	81C9	∨
138	81CA	¬
139	81CB	⇒
140	81CC	⇔
141	81CD	∀
142	81CE	∃
154	81DA	∠
155	81DB	⊥
156	81DC	⌒
157	81DD	∂
158	81DE	∇
159	81DF	≡
160	81E0	≒
161	81E1	≪
162	81E2	≫
163	81E3	√
164	81E4	∽
165	81E5	∝
166	81E6	∵
167	81E7	∫
168	81E8	∬
176	81F0	Å
177	81F1	‰
178	81F2	♯
179	81F3	♭
180	81F4	♪
181	81F5	†
182	81F6	‡
183	81F7	¶
188	81FC	◯
207	824F	０
208	8250	１
209	8251	２
210	8252	３
211	8253	４
212	8254	５
213	8255	６
214	8256	７
215	8257	８
216	8258	９
224	8260	Ａ
225	8261	Ｂ
226	8262	Ｃ
227	8263	Ｄ
228	8264	Ｅ
229	8265	Ｆ
230	8266	Ｇ
231	8267	Ｈ
232	8268	Ｉ
233	8269	Ｊ
234	826A	Ｋ
235	826B	Ｌ
236	826C	Ｍ
237	826D	Ｎ
238	826E	Ｏ
239	826F	Ｐ
240	8270	Ｑ
241	8271	Ｒ
242	8272	Ｓ
243	8273	Ｔ
244	8274	Ｕ
245	8275	Ｖ
246	8276	Ｗ
247	8277	Ｘ
248	8278	Ｙ
249	8279	Ｚ
257	8281	ａ
258	8282	ｂ
259	8283	ｃ
260	8284	ｄ
261	8285	ｅ
262	8286	ｆ
263	8287	ｇ
264	8288	ｈ
265	8289	ｉ
266	828A	ｊ
267	828B	ｋ
268	828C	ｌ
269	828D	ｍ
270	828E	ｎ
271	828F	ｏ
272	8290	ｐ
273	8291	ｑ
274	8292	ｒ
275	8293	ｓ
276	8294	ｔ
277	8295	ｕ
278	8296	ｖ
279	8297	ｗ
280	8298	ｘ
281	8299	ｙ
282	829A	ｚ
287	829F	ぁ
288	82A0	あ
289	82A1	ぃ
290	82A2	い
291	82A3	ぅ
292	82A4	う
293	82A5	ぇ
294	82A6	え
295	82A7	ぉ
296	82A8	お
297	82A9	か
298	82AA	が
299	82AB	き
300	82AC	ぎ
301	82AD	く
302	82AE	ぐ
303	82AF	け
304	82B0	げ
305	82B1	こ
306	82B2	ご
307	82B3	さ
308	82B4	ざ
309	82B5	し
310	82B6	じ
311	82B7	す
312	82B8	ず
313	82B9	せ
314	82BA	ぜ
315	82BB	そ
316	82BC	ぞ
317	82BD	た
318	82BE	だ
319	82BF	ち
320	82C0	ぢ
321	82C1	っ
322	82C2	つ
323	82C3	づ
324	82C4	て
325	82C5	で
326	82C6	と
327	82C7	ど
328	82C8	な
329	82C9	に
330	82CA	ぬ
331	82CB	ね
332	82CC	の
333	82CD	は
334	82CE	ば
335	82CF	ぱ
336	82D0	ひ
337	82D1	び
338	82D2	ぴ
339	82D3	ふ
340	82D4	ぶ
341	82D5	ぷ
342	82D6	へ
343	82D7	べ
344	82D8	ぺ
345	82D9	ほ
346	82DA	ぼ
347	82DB	ぽ
348	82DC	ま
349	82DD	み
350	82DE	む
351	82DF	め
352	82E0	も
353	82E1	ゃ
354	82E2	や
355	82E3	ゅ
356	82E4	ゆ
357	82E5	ょ
358	82E6	よ
359	82E7	ら
360	82E8	り
361	82E9	る
362	82EA	れ
363	82EB	ろ
364	82EC	ゎ
365	82ED	わ
366	82EE	ゐ
367	82EF	ゑ
368	82F0	を
369	82F1	ん
384	8340	ァ
385	8341	ア
386	8342	ィ
387	8343	イ
388	8344	ゥ
389	8345	ウ
390	8346	ェ
391	8347	エ
392	8348	ォ
393	8349	オ
394	834A	カ
395	834B	ガ
396	834C	キ
397	834D	ギ
398	834E	ク
399	834F	グ
400	8350	ケ
401	8351	ゲ
402	8352	コ
403	8353	ゴ
404	8354	サ
405	8355	ザ
406	8356	シ
407	8357	ジ
408	8358	ス
409	8359	ズ
410	835A	セ
411	835B	ゼ
412	835C	ソ
413	835D	ゾ
414	835E	タ
415	835F	ダ
416	8360	チ
417	8361	ヂ
418	8362	ッ
419	8363	ツ
420	8364	ヅ
421	8365	テ
422	8366	デ
423	8367	ト
424	8368	ド
425	8369	ナ
426	836A	ニ
427	836B	ヌ
428	836C	ネ
429	836D	ノ
430	836E	ハ
431	836F	バ
432	8370	パ
433	8371	ヒ
434	8372	ビ
435	8373	ピ
436	8374	フ
437	8375	ブ
438	8376	プ
439	8377	ヘ
440	8378	ベ
441	8379	ペ
442	837A	ホ
443	837B	ボ
444	837C	ポ
445	837D	マ
446	837E	ミ
448	8380	ム
449	8381	メ
450	8382	モ
451	8383	ャ
452	8384	ヤ
453	8385	ュ
454	8386	ユ
455	8387	ョ
456	8388	ヨ
457	8389	ラ
458	838A	リ
459	838B	ル
460	838C	レ
461	838D	ロ
462	838E	ヮ
463	838F	ワ
464	8390	ヰ
465	8391	ヱ
466	8392	ヲ
467	8393	ン
468	8394	ヴ
469	8395	ヵ
470	8396	ヶ
479	839F	Α
480	83A0	Β
481	83A1	Γ
482	83A2	Δ
483	83A3	Ε
484	83A4	Ζ
485	83A5	Η
486	83A6	Θ
487	83A7	Ι
488	83A8	Κ
489	83A9	Λ
490	83AA	Μ
491	83AB	Ν
492	83AC	Ξ
493	83AD	Ο
494	83AE	Π
495	83AF	Ρ
496	83B0	Σ
497	83B1	Τ
498	83B2	Υ
499	83B3	Φ
500	83B4	Χ
501	83B5	Ψ
502	83B6	Ω
511	83BF	α
512	83C0	β
513	83C1	γ
514	83C2	δ
515	83C3	ε
516	83C4	ζ
517	83C5	η
518	83C6	θ
519	83C7	ι
520	83C8	κ
521	83C9	λ
522	83CA	μ
523	83CB	ν
524	83CC	ξ
525	83CD	ο
526	83CE	π
527	83CF	ρ
528	83D0	σ
529	83D1	τ
530	83D2	υ
531	83D3	φ
532	83D4	χ
533	83D5	ψ
534	83D6	ω
576	8440	А
577	8441	Б
578	8442	В
579	8443	Г
580	8444	Д
581	8445	Е
582	8446	Ё
583	8447	Ж
584	8448	З
585	8449	И
586	844A	Й
587	844B	К
588	844C	Л
589	844D	М
590	844E	Н
591	844F	О
592	8450	П
593	8451	Р
594	8452	С
595	8453	Т
596	8454	У
597	8455	Ф
598	8456	Х
599	8457	Ц
600	8458	Ч
601	8459	Ш
602	845A	Щ
603	845B	Ъ
604	845C	Ы
605	845D	Ь
606	845E	Э
607	845F	Ю
608	8460	Я
624	8470	а
625	8471	б
626	8472	в
627	8473	г
628	8474	д
629	8475	е
630	8476	ё
631	8477	ж
632	8478	з
633	8479	и
634	847A	й
635	847B	к
636	847C	л
637	847D	м
638	847E	н
640	8480	о
641	8481	п
642	8482	р
643	8483	с
644	8484	т
645	8485	у
646	8486	ф
647	8487	х
648	8488	ц
649	8489	ч
650	848A	ш
651	848B	щ
652	848C	ъ
653	848D	ы
654	848E	ь
655	848F	э
656	8490	ю
657	8491	я
0	849F	─
0	84A0	│
0	84A1	┌
0	84A2	┐
0	84A3	┘
0	84A4	└
0	84A5	├
0	84A6	┬
0	84A7	┤
0	84A8	┴
0	84A9	┼
0	84AA	━
0	84AB	┃
0	84AC	┏
0	84AD	┓
0	84AE	┛
0	84AF	┗
0	84B0	┣
0	84B1	┳
0	84B2	┫
0	84B3	┻
0	84B4	╋
0	84B5	┠
0	84B6	┯
0	84B7	┨
0	84B8	┷
0	84B9	┿
0	84BA	┝
0	84BB	┰
0	84BC	┥
0	84BD	┸
0	84BE	╂
1439	889F	亜
1440	88A0	唖
1441	88A1	娃
1442	88A2	阿
1443	88A3	哀
1444	88A4	愛
1445	88A5	挨
1446	88A6	姶
1447	88A7	逢
1448	88A8	葵
1449	88A9	茜
1450	88AA	穐
1451	88AB	悪
1452	88AC	握
1453	88AD	渥
1454	88AE	旭
1455	88AF	葦
1456	88B0	芦
1457	88B1	鯵
1458	88B2	梓
1459	88B3	圧
1460	88B4	斡
1461	88B5	扱
1462	88B6	宛
1463	88B7	姐
1464	88B8	虻
1465	88B9	飴
1466	88BA	絢
1467	88BB	綾
1468	88BC	鮎
1469	88BD	或
1470	88BE	粟
1471	88BF	袷
1472	88C0	安
1473	88C1	庵
1474	88C2	按
1475	88C3	暗
1476	88C4	案
1477	88C5	闇
1478	88C6	鞍
1479	88C7	杏
1480	88C8	以
1481	88C9	伊
1482	88CA	位
1483	88CB	依
1484	88CC	偉
1485	88CD	囲
1486	88CE	夷
1487	88CF	委
1488	88D0	威
1489	88D1	尉
1490	88D2	惟
1491	88D3	意
1492	88D4	慰
1493	88D5	易
1494	88D6	椅
1495	88D7	為
1496	88D8	畏
1497	88D9	異
1498	88DA	移
1499	88DB	維
1500	88DC	緯
1501	88DD	胃
1502	88DE	萎
1503	88DF	衣
1504	88E0	謂
1505	88E1	違
1506	88E2	遺
1507	88E3	医
1508	88E4	井
1509	88E5	亥
1510	88E6	域
1511	88E7	育
1512	88E8	郁
1513	88E9	磯
1514	88EA	一
1515	88EB	壱
1516	88EC	溢
1517	88ED	逸
1518	88EE	稲
1519	88EF	茨
1520	88F0	芋
1521	88F1	鰯
1522	88F2	允
1523	88F3	印
1524	88F4	咽
1525	88F5	員
1526	88F6	因
1527	88F7	姻
1528	88F8	引
1529	88F9	飲
1530	88FA	淫
1531	88FB	胤
1532	88FC	蔭
1536	8940	院
1537	8941	陰
1538	8942	隠
1539	8943	韻
1540	8944	吋
1541	8945	右
1542	8946	宇
1543	8947	烏
1544	8948	羽
1545	8949	迂
1546	894A	雨
1547	894B	卯
1548	894C	鵜
1549	894D	窺
1550	894E	丑
1551	894F	碓
1552	8950	臼
1553	8951	渦
1554	8952	嘘
1555	8953	唄
1556	8954	欝
1557	8955	蔚
1558	8956	鰻
1559	8957	姥
1560	8958	厩
1561	8959	浦
1562	895A	瓜
1563	895B	閏
1564	895C	噂
1565	895D	云
1566	895E	運
1567	895F	雲
1568	8960	荏
1569	8961	餌
1570	8962	叡
1571	8963	営
1572	8964	嬰
1573	8965	影
1574	8966	映
1575	8967	曳
1576	8968	栄
1577	8969	永
1578	896A	泳
1579	896B	洩
1580	896C	瑛
1581	896D	盈
1582	896E	穎
1583	896F	頴
1584	8970	英
1585	8971	衛
1586	8972	詠
1587	8973	鋭
1588	8974	液
1589	8975	疫
1590	8976	益
1591	8977	駅
1592	8978	悦
1593	8979	謁
1594	897A	越
1595	897B	閲
1596	897C	榎
1597	897D	厭
1598	897E	円
1600	8980	園
1601	8981	堰
1602	8982	奄
1603	8983	宴
1604	8984	延
1605	8985	怨
1606	8986	掩
1607	8987	援
1608	8988	沿
1609	8989	演
1610	898A	炎
1611	898B	焔
1612	898C	煙
1613	898D	燕
1614	898E	猿
1615	898F	縁
1616	8990	艶
1617	8991	苑
1618	8992	薗
1619	8993	遠
1620	8994	鉛
1621	8995	鴛
1622	8996	塩
1623	8997	於
1624	8998	汚
1625	8999	甥
1626	899A	凹
1627	899B	央
1628	899C	奥
1629	899D	往
1630	899E	応
1631	899F	押
1632	89A0	旺
1633	89A1	横
1634	89A2	欧
1635	89A3	殴
1636	89A4	王
1637	89A5	翁
1638	89A6	襖
1639	89A7	鴬
1640	89A8	鴎
1641	89A9	黄
1642	89AA	岡
1643	89AB	沖
1644	89AC	荻
1645	89AD	億
1646	89AE	屋
1647	89AF	憶
1648	89B0	臆
1649	89B1	桶
1650	89B2	牡
1651	89B3	乙
1652	89B4	俺
1653	89B5	卸
1654	89B6	恩
1655	89B7	温
1656	89B8	穏
1657	89B9	音
1658	89BA	下
1659	89BB	化
1660	89BC	仮
1661	89BD	何
1662	89BE	伽
1663	89BF	価
1664	89C0	佳
1665	89C1	加
1666	89C2	可
1667	89C3	嘉
1668	89C4	夏
1669	89C5	嫁
1670	89C6	家
1671	89C7	寡
1672	89C8	科
1673	89C9	暇
1674	89CA	果
1675	89CB	架
1676	89CC	歌
1677	89CD	河
1678	89CE	火
1679	89CF	珂
1680	89D0	禍
1681	89D1	禾
1682	89D2	稼
1683	89D3	箇
1684	89D4	花
1685	89D5	苛
1686	89D6	茄
1687	89D7	荷
1688	89D8	華
1689	89D9	菓
1690	89DA	蝦
1691	89DB	課
1692	89DC	嘩
1693	89DD	貨
1694	89DE	迦
1695	89DF	過
1696	89E0	霞
1697	89E1	蚊
1698	89E2	俄
1699	89E3	峨
1700	89E4	我
1701	89E5	牙
1702	89E6	画
1703	89E7	臥
1704	89E8	芽
1705	89E9	蛾
1706	89EA	賀
1707	89EB	雅
1708	89EC	餓
1709	89ED	駕
1710	89EE	介
1711	89EF	会
1712	89F0	解
1713	89F1	回
1714	89F2	塊
1715	89F3	壊
1716	89F4	廻
1717	89F5	快
1718	89F6	怪
1719	89F7	悔
1720	89F8	恢
1721	89F9	懐
1722	89FA	戒
1723	89FB	拐
1724	89FC	改
1728	8A40	魁
1729	8A41	晦
1730	8A42	械
1731	8A43	海
1732	8A44	灰
1733	8A45	界
1734	8A46	皆
1735	8A47	絵
1736	8A48	芥
1737	8A49	蟹
1738	8A4A	開
1739	8A4B	階
1740	8A4C	貝
1741	8A4D	凱
1742	8A4E	劾
1743	8A4F	外
1744	8A50	咳
1745	8A51	害
1746	8A52	崖
1747	8A53	慨
1748	8A54	概
1749	8A55	涯
1750	8A56	碍
1751	8A57	蓋
1752	8A58	街
1753	8A59	該
1754	8A5A	鎧
1755	8A5B	骸
1756	8A5C	浬
1757	8A5D	馨
1758	8A5E	蛙
1759	8A5F	垣
1760	8A60	柿
1761	8A61	蛎
1762	8A62	鈎
1763	8A63	劃
1764	8A64	嚇
1765	8A65	各
1766	8A66	廓
1767	8A67	拡
1768	8A68	撹
1769	8A69	格
1770	8A6A	核
1771	8A6B	殻
1772	8A6C	獲
1773	8A6D	確
1774	8A6E	穫
1775	8A6F	覚
1776	8A70	角
1777	8A71	赫
1778	8A72	較
1779	8A73	郭
1780	8A74	閣
1781	8A75	隔
1782	8A76	革
1783	8A77	学
1784	8A78	岳
1785	8A79	楽
1786	8A7A	額
1787	8A7B	顎
1788	8A7C	掛
1789	8A7D	笠
1790	8A7E	樫
1792	8A80	橿
1793	8A81	梶
1794	8A82	鰍
1795	8A83	潟
1796	8A84	割
1797	8A85	喝
1798	8A86	恰
1799	8A87	括
1800	8A88	活
1801	8A89	渇
1802	8A8A	滑
1803	8A8B	葛
1804	8A8C	褐
1805	8A8D	轄
1806	8A8E	且
1807	8A8F	鰹
1808	8A90	叶
1809	8A91	椛
1810	8A92	樺
1811	8A93	鞄
1812	8A94	株
1813	8A95	兜
1814	8A96	竃
1815	8A97	蒲
1816	8A98	釜
1817	8A99	鎌
1818	8A9A	噛
1819	8A9B	鴨
1820	8A9C	栢
1821	8A9D	茅
1822	8A9E	萱
1823	8A9F	粥
1824	8AA0	刈
1825	8AA1	苅
1826	8AA2	瓦
1827	8AA3	乾
1828	8AA4	侃
1829	8AA5	冠
1830	8AA6	寒
1831	8AA7	刊
1832	8AA8	勘
1833	8AA9	勧
1834	8AAA	巻
1835	8AAB	喚
1836	8AAC	堪
1837	8AAD	姦
1838	8AAE	完
1839	8AAF	官
1840	8AB0	寛
1841	8AB1	干
1842	8AB2	幹
1843	8AB3	患
1844	8AB4	感
1845	8AB5	慣
1846	8AB6	憾
1847	8AB7	換
1848	8AB8	敢
1849	8AB9	柑
1850	8ABA	桓
1851	8ABB	棺
1852	8ABC	款
1853	8ABD	歓
1854	8ABE	汗
1855	8ABF	漢
1856	8AC0	澗
1857	8AC1	潅
1858	8AC2	環
1859	8AC3	甘
1860	8AC4	監
1861	8AC5	看
1862	8AC6	竿
1863	8AC7	管
1864	8AC8	簡
1865	8AC9	緩
1866	8ACA	缶
1867	8ACB	翰
1868	8ACC	肝
1869	8ACD	艦
1870	8ACE	莞
1871	8ACF	観
1872	8AD0	諌
1873	8AD1	貫
1874	8AD2	還
1875	8AD3	鑑
1876	8AD4	間
1877	8AD5	閑
1878	8AD6	関
1879	8AD7	陥
1880	8AD8	韓
1881	8AD9	館
1882	8ADA	舘
1883	8ADB	丸
1884	8ADC	含
1885	8ADD	岸
1886	8ADE	巌
1887	8ADF	玩
1888	8AE0	癌
1889	8AE1	眼
1890	8AE2	岩
1891	8AE3	翫
1892	8AE4	贋
1893	8AE5	雁
1894	8AE6	頑
1895	8AE7	顔
1896	8AE8	願
1897	8AE9	企
1898	8AEA	伎
1899	8AEB	危
1900	8AEC	喜
1901	8AED	器
1902	8AEE	基
1903	8AEF	奇
1904	8AF0	嬉
1905	8AF1	寄
1906	8AF2	岐
1907	8AF3	希
1908	8AF4	幾
1909	8AF5	忌
1910	8AF6	揮
1911	8AF7	机
1912	8AF8	旗
1913	8AF9	既
1914	8AFA	期
1915	8AFB	棋
1916	8AFC	棄
1920	8B40	機
1921	8B41	帰
1922	8B42	毅
1923	8B43	気
1924	8B44	汽
1925	8B45	畿
1926	8B46	祈
1927	8B47	季
1928	8B48	稀
1929	8B49	紀
1930	8B4A	徽
1931	8B4B	規
1932	8B4C	記
1933	8B4D	貴
1934	8B4E	起
1935	8B4F	軌
1936	8B50	輝
1937	8B51	飢
1938	8B52	騎
1939	8B53	鬼
1940	8B54	亀
1941	8B55	偽
1942	8B56	儀
1943	8B57	妓
1944	8B58	宜
1945	8B59	戯
1946	8B5A	技
1947	8B5B	擬
1948	8B5C	欺
1949	8B5D	犠
1950	8B5E	疑
1951	8B5F	祇
1952	8B60	義
1953	8B61	蟻
1954	8B62	誼
1955	8B63	議
1956	8B64	掬
1957	8B65	菊
1958	8B66	鞠
1959	8B67	吉
1960	8B68	吃
1961	8B69	喫
1962	8B6A	桔
1963	8B6B	橘
1964	8B6C	詰
1965	8B6D	砧
1966	8B6E	杵
1967	8B6F	黍
1968	8B70	却
1969	8B71	客
1970	8B72	脚
1971	8B73	虐
1972	8B74	逆
1973	8B75	丘
1974	8B76	久
1975	8B77	仇
1976	8B78	休
1977	8B79	及
1978	8B7A	吸
1979	8B7B	宮
1980	8B7C	弓
1981	8B7D	急
1982	8B7E	救
1984	8B80	朽
1985	8B81	求
1986	8B82	汲
1987	8B83	泣
1988	8B84	灸
1989	8B85	球
1990	8B86	究
1991	8B87	窮
1992	8B88	笈
1993	8B89	級
1994	8B8A	糾
1995	8B8B	給
1996	8B8C	旧
1997	8B8D	牛
1998	8B8E	去
1999	8B8F	居
2000	8B90	巨
2001	8B91	拒
2002	8B92	拠
2003	8B93	挙
2004	8B94	渠
2005	8B95	虚
2006	8B96	許
2007	8B97	距
2008	8B98	鋸
2009	8B99	漁
2010	8B9A	禦
2011	8B9B	魚
2012	8B9C	亨
2013	8B9D	享
2014	8B9E	京
2015	8B9F	供
2016	8BA0	侠
2017	8BA1	僑
2018	8BA2	兇
2019	8BA3	競
2020	8BA4	共
2021	8BA5	凶
2022	8BA6	協
2023	8BA7	匡
2024	8BA8	卿
2025	8BA9	叫
2026	8BAA	喬
2027	8BAB	境
2028	8BAC	峡
2029	8BAD	強
2030	8BAE	彊
2031	8BAF	怯
2032	8BB0	恐
2033	8BB1	恭
2034	8BB2	挟
2035	8BB3	教
2036	8BB4	橋
2037	8BB5	況
2038	8BB6	狂
2039	8BB7	狭
2040	8BB8	矯
2041	8BB9	胸
2042	8BBA	脅
2043	8BBB	興
2044	8BBC	蕎
2045	8BBD	郷
2046	8BBE	鏡
2047	8BBF	響
2048	8BC0	饗
2049	8BC1	驚
2050	8BC2	仰
2051	8BC3	凝
2052	8BC4	尭
2053	8BC5	暁
2054	8BC6	業
2055	8BC7	局
2056	8BC8	曲
2057	8BC9	極
2058	8BCA	玉
2059	8BCB	桐
2060	8BCC	粁
2061	8BCD	僅
2062	8BCE	勤
2063	8BCF	均
2064	8BD0	巾
2065	8BD1	錦
2066	8BD2	斤
2067	8BD3	欣
2068	8BD4	欽
2069	8BD5	琴
2070	8BD6	禁
2071	8BD7	禽
2072	8BD8	筋
2073	8BD9	緊
2074	8BDA	芹
2075	8BDB	菌
2076	8BDC	衿
2077	8BDD	襟
2078	8BDE	謹
2079	8BDF	近
2080	8BE0	金
2081	8BE1	吟
2082	8BE2	銀
2083	8BE3	九
2084	8BE4	倶
2085	8BE5	句
2086	8BE6	区
2087	8BE7	狗
2088	8BE8	玖
2089	8BE9	矩
2090	8BEA	苦
2091	8BEB	躯
2092	8BEC	駆
2093	8BED	駈
2094	8BEE	駒
2095	8BEF	具
2096	8BF0	愚
2097	8BF1	虞
2098	8BF2	喰
2099	8BF3	空
2100	8BF4	偶
2101	8BF5	寓
2102	8BF6	遇
2103	8BF7	隅
2104	8BF8	串
2105	8BF9	櫛
2106	8BFA	釧
2107	8BFB	屑
2108	8BFC	屈
2112	8C40	掘
2113	8C41	窟
2114	8C42	沓
2115	8C43	靴
2116	8C44	轡
2117	8C45	窪
2118	8C46	熊
2119	8C47	隈
2120	8C48	粂
2121	8C49	栗
2122	8C4A	繰
2123	8C4B	桑
2124	8C4C	鍬
2125	8C4D	勲
2126	8C4E	君
2127	8C4F	薫
2128	8C50	訓
2129	8C51	群
2130	8C52	軍
2131	8C53	郡
2132	8C54	卦
2133	8C55	袈
2134	8C56	祁
2135	8C57	係
2136	8C58	傾
2137	8C59	刑
2138	8C5A	兄
2139	8C5B	啓
2140	8C5C	圭
2141	8C5D	珪
2142	8C5E	型
2143	8C5F	契
2144	8C60	形
2145	8C61	径
2146	8C62	恵
2147	8C63	慶
2148	8C64	慧
2149	8C65	憩
2150	8C66	掲
2151	8C67	携
2152	8C68	敬
2153	8C69	景
2154	8C6A	桂
2155	8C6B	渓
2156	8C6C	畦
2157	8C6D	稽
2158	8C6E	系
2159	8C6F	経
2160	8C70	継
2161	8C71	繋
2162	8C72	罫
2163	8C73	茎
2164	8C74	荊
2165	8C75	蛍
2166	8C76	計
2167	8C77	詣
2168	8C78	警
2169	8C79	軽
2170	8C7A	頚
2171	8C7B	鶏
2172	8C7C	芸
2173	8C7D	迎
2174	8C7E	鯨
2176	8C80	劇
2177	8C81	戟
2178	8C82	撃
2179	8C83	激
2180	8C84	隙
2181	8C85	桁
2182	8C86	傑
2183	8C87	欠
2184	8C88	決
2185	8C89	潔
2186	8C8A	穴
2187	8C8B	結
2188	8C8C	血
2189	8C8D	訣
2190	8C8E	月
2191	8C8F	件
2192	8C90	倹
2193	8C91	倦
2194	8C92	健
2195	8C93	兼
2196	8C94	券
2197	8C95	剣
2198	8C96	喧
2199	8C97	圏
2200	8C98	堅
2201	8C99	嫌
2202	8C9A	建
2203	8C9B	憲
2204	8C9C	懸
2205	8C9D	拳
2206	8C9E	捲
2207	8C9F	検
2208	8CA0	権
2209	8CA1	牽
2210	8CA2	犬
2211	8CA3	献
2212	8CA4	研
2213	8CA5	硯
2214	8CA6	絹
2215	8CA7	県
2216	8CA8	肩
2217	8CA9	見
2218	8CAA	謙
2219	8CAB	賢
2220	8CAC	軒
2221	8CAD	遣
2222	8CAE	鍵
2223	8CAF	険
2224	8CB0	顕
2225	8CB1	験
2226	8CB2	鹸
2227	8CB3	元
2228	8CB4	原
2229	8CB5	厳
2230	8CB6	幻
2231	8CB7	弦
2232	8CB8	減
2233	8CB9	源
2234	8CBA	玄
2235	8CBB	現
2236	8CBC	絃
2237	8CBD	舷
2238	8CBE	言
2239	8CBF	諺
2240	8CC0	限
2241	8CC1	乎
2242	8CC2	個
2243	8CC3	古
2244	8CC4	呼
2245	8CC5	固
2246	8CC6	姑
2247	8CC7	孤
2248	8CC8	己
2249	8CC9	庫
2250	8CCA	弧
2251	8CCB	戸
2252	8CCC	故
2253	8CCD	枯
2254	8CCE	湖
2255	8CCF	狐
2256	8CD0	糊
2257	8CD1	袴
2258	8CD2	股
2259	8CD3	胡
2260	8CD4	菰
2261	8CD5	虎
2262	8CD6	誇
2263	8CD7	跨
2264	8CD8	鈷
2265	8CD9	雇
2266	8CDA	顧
2267	8CDB	鼓
2268	8CDC	五
2269	8CDD	互
2270	8CDE	伍
2271	8CDF	午
2272	8CE0	呉
2273	8CE1	吾
2274	8CE2	娯
2275	8CE3	後
2276	8CE4	御
2277	8CE5	悟
2278	8CE6	梧
2279	8CE7	檎
2280	8CE8	瑚
2281	8CE9	碁
2282	8CEA	語
2283	8CEB	誤
2284	8CEC	護
2285	8CED	醐
2286	8CEE	乞
2287	8CEF	鯉
2288	8CF0	交
2289	8CF1	佼
2290	8CF2	侯
2291	8CF3	候
2292	8CF4	倖
2293	8CF5	光
2294	8CF6	公
2295	8CF7	功
2296	8CF8	効
2297	8CF9	勾
2298	8CFA	厚
2299	8CFB	口
2300	8CFC	向
2304	8D40	后
2305	8D41	喉
2306	8D42	坑
2307	8D43	垢
2308	8D44	好
2309	8D45	孔
2310	8D46	孝
2311	8D47	宏
2312	8D48	工
2313	8D49	巧
2314	8D4A	巷
2315	8D4B	幸
2316	8D4C	広
2317	8D4D	庚
2318	8D4E	康
2319	8D4F	弘
2320	8D50	恒
2321	8D51	慌
2322	8D52	抗
2323	8D53	拘
2324	8D54	控
2325	8D55	攻
2326	8D56	昂
2327	8D57	晃
2328	8D58	更
2329	8D59	杭
2330	8D5A	校
2331	8D5B	梗
2332	8D5C	構
2333	8D5D	江
2334	8D5E	洪
2335	8D5F	浩
2336	8D60	港
2337	8D61	溝
2338	8D62	甲
2339	8D63	皇
2340	8D64	硬
2341	8D65	稿
2342	8D66	糠
2343	8D67	紅
2344	8D68	紘
2345	8D69	絞
2346	8D6A	綱
2347	8D6B	耕
2348	8D6C	考
2349	8D6D	肯
2350	8D6E	肱
2351	8D6F	腔
2352	8D70	膏
2353	8D71	航
2354	8D72	荒
2355	8D73	行
2356	8D74	衡
2357	8D75	講
2358	8D76	貢
2359	8D77	購
2360	8D78	郊
2361	8D79	酵
2362	8D7A	鉱
2363	8D7B	砿
2364	8D7C	鋼
2365	8D7D	閤
2366	8D7E	降
2368	8D80	項
2369	8D81	香
2370	8D82	高
2371	8D83	鴻
2372	8D84	剛
2373	8D85	劫
2374	8D86	号
2375	8D87	合
2376	8D88	壕
2377	8D89	拷
2378	8D8A	濠
2379	8D8B	豪
2380	8D8C	轟
2381	8D8D	麹
2382	8D8E	克
2383	8D8F	刻
2384	8D90	告
2385	8D91	国
2386	8D92	穀
2387	8D93	酷
2388	8D94	鵠
2389	8D95	黒
2390	8D96	獄
2391	8D97	漉
2392	8D98	腰
2393	8D99	甑
2394	8D9A	忽
2395	8D9B	惚
2396	8D9C	骨
2397	8D9D	狛
2398	8D9E	込
2399	8D9F	此
2400	8DA0	頃
2401	8DA1	今
2402	8DA2	困
2403	8DA3	坤
2404	8DA4	墾
2405	8DA5	婚
2406	8DA6	恨
2407	8DA7	懇
2408	8DA8	昏
2409	8DA9	昆
2410	8DAA	根
2411	8DAB	梱
2412	8DAC	混
2413	8DAD	痕
2414	8DAE	紺
2415	8DAF	艮
2416	8DB0	魂
2417	8DB1	些
2418	8DB2	佐
2419	8DB3	叉
2420	8DB4	唆
2421	8DB5	嵯
2422	8DB6	左
2423	8DB7	差
2424	8DB8	査
2425	8DB9	沙
2426	8DBA	瑳
2427	8DBB	砂
2428	8DBC	詐
2429	8DBD	鎖
2430	8DBE	裟
2431	8DBF	坐
2432	8DC0	座
2433	8DC1	挫
2434	8DC2	債
2435	8DC3	催
2436	8DC4	再
2437	8DC5	最
2438	8DC6	哉
2439	8DC7	塞
2440	8DC8	妻
2441	8DC9	宰
2442	8DCA	彩
2443	8DCB	才
2444	8DCC	採
2445	8DCD	栽
2446	8DCE	歳
2447	8DCF	済
2448	8DD0	災
2449	8DD1	采
2450	8DD2	犀
2451	8DD3	砕
2452	8DD4	砦
2453	8DD5	祭
2454	8DD6	斎
2455	8DD7	細
2456	8DD8	菜
2457	8DD9	裁
2458	8DDA	載
2459	8DDB	際
2460	8DDC	剤
2461	8DDD	在
2462	8DDE	材
2463	8DDF	罪
2464	8DE0	財
2465	8DE1	冴
2466	8DE2	坂
2467	8DE3	阪
2468	8DE4	堺
2469	8DE5	榊
2470	8DE6	肴
2471	8DE7	咲
2472	8DE8	崎
2473	8DE9	埼
2474	8DEA	碕
2475	8DEB	鷺
2476	8DEC	作
2477	8DED	削
2478	8DEE	咋
2479	8DEF	搾
2480	8DF0	昨
2481	8DF1	朔
2482	8DF2	柵
2483	8DF3	窄
2484	8DF4	策
2485	8DF5	索
2486	8DF6	錯
2487	8DF7	桜
2488	8DF8	鮭
2489	8DF9	笹
2490	8DFA	匙
2491	8DFB	冊
2492	8DFC	刷
2496	8E40	察
2497	8E41	拶
2498	8E42	撮
2499	8E43	擦
2500	8E44	札
2501	8E45	殺
2502	8E46	薩
2503	8E47	雑
2504	8E48	皐
2505	8E49	鯖
2506	8E4A	捌
2507	8E4B	錆
2508	8E4C	鮫
2509	8E4D	皿
2510	8E4E	晒
2511	8E4F	三
2512	8E50	傘
2513	8E51	参
2514	8E52	山
2515	8E53	惨
2516	8E54	撒
2517	8E55	散
2518	8E56	桟
2519	8E57	燦
2520	8E58	珊
2521	8E59	産
2522	8E5A	算
2523	8E5B	纂
2524	8E5C	蚕
2525	8E5D	讃
2526	8E5E	賛
2527	8E5F	酸
2528	8E60	餐
2529	8E61	斬
2530	8E62	暫
2531	8E63	残
2532	8E64	仕
2533	8E65	仔
2534	8E66	伺
2535	8E67	使
2536	8E68	刺
2537	8E69	司
2538	8E6A	史
2539	8E6B	嗣
2540	8E6C	四
2541	8E6D	士
2542	8E6E	始
2543	8E6F	姉
2544	8E70	姿
2545	8E71	子
2546	8E72	屍
2547	8E73	市
2548	8E74	師
2549	8E75	志
2550	8E76	思
2551	8E77	指
2552	8E78	支
2553	8E79	孜
2554	8E7A	斯
2555	8E7B	施
2556	8E7C	旨
2557	8E7D	枝
2558	8E7E	止
2560	8E80	死
2561	8E81	氏
2562	8E82	獅
2563	8E83	祉
2564	8E84	私
2565	8E85	糸
2566	8E86	紙
2567	8E87	紫
2568	8E88	肢
2569	8E89	脂
2570	8E8A	至
2571	8E8B	視
2572	8E8C	詞
2573	8E8D	詩
2574	8E8E	試
2575	8E8F	誌
2576	8E90	諮
2577	8E91	資
2578	8E92	賜
2579	8E93	雌
2580	8E94	飼
2581	8E95	歯
2582	8E96	事
2583	8E97	似
2584	8E98	侍
2585	8E99	児
2586	8E9A	字
2587	8E9B	寺
2588	8E9C	慈
2589	8E9D	持
2590	8E9E	時
2591	8E9F	次
2592	8EA0	滋
2593	8EA1	治
2594	8EA2	爾
2595	8EA3	璽
2596	8EA4	痔
2597	8EA5	磁
2598	8EA6	示
2599	8EA7	而
2600	8EA8	耳
2601	8EA9	自
2602	8EAA	蒔
2603	8EAB	辞
2604	8EAC	汐
2605	8EAD	鹿
2606	8EAE	式
2607	8EAF	識
2608	8EB0	鴫
2609	8EB1	竺
2610	8EB2	軸
2611	8EB3	宍
2612	8EB4	雫
2613	8EB5	七
2614	8EB6	叱
2615	8EB7	執
2616	8EB8	失
2617	8EB9	嫉
2618	8EBA	室
2619	8EBB	悉
2620	8EBC	湿
2621	8EBD	漆
2622	8EBE	疾
2623	8EBF	質
2624	8EC0	実
2625	8EC1	蔀
2626	8EC2	篠
2627	8EC3	偲
2628	8EC4	柴
2629	8EC5	芝
2630	8EC6	屡
2631	8EC7	蕊
2632	8EC8	縞
2633	8EC9	舎
2634	8ECA	写
2635	8ECB	射
2636	8ECC	捨
2637	8ECD	赦
2638	8ECE	斜
2639	8ECF	煮
2640	8ED0	社
2641	8ED1	紗
2642	8ED2	者
2643	8ED3	謝
2644	8ED4	車
2645	8ED5	遮
2646	8ED6	蛇
2647	8ED7	邪
2648	8ED8	借
2649	8ED9	勺
2650	8EDA	尺
2651	8EDB	杓
2652	8EDC	灼
2653	8EDD	爵
2654	8EDE	酌
2655	8EDF	釈
2656	8EE0	錫
2657	8EE1	若
2658	8EE2	寂
2659	8EE3	弱
2660	8EE4	惹
2661	8EE5	主
2662	8EE6	取
2663	8EE7	守
2664	8EE8	手
2665	8EE9	朱
2666	8EEA	殊
2667	8EEB	狩
2668	8EEC	珠
2669	8EED	種
2670	8EEE	腫
2671	8EEF	趣
2672	8EF0	酒
2673	8EF1	首
2674	8EF2	儒
2675	8EF3	受
2676	8EF4	呪
2677	8EF5	寿
2678	8EF6	授
2679	8EF7	樹
2680	8EF8	綬
2681	8EF9	需
2682	8EFA	囚
2683	8EFB	収
2684	8EFC	周
2688	8F40	宗
2689	8F41	就
2690	8F42	州
2691	8F43	修
2692	8F44	愁
2693	8F45	拾
2694	8F46	洲
2695	8F47	秀
2696	8F48	秋
2697	8F49	終
2698	8F4A	繍
2699	8F4B	習
2700	8F4C	臭
2701	8F4D	舟
2702	8F4E	蒐
2703	8F4F	衆
2704	8F50	襲
2705	8F51	讐
2706	8F52	蹴
2707	8F53	輯
2708	8F54	週
2709	8F55	酋
2710	8F56	酬
2711	8F57	集
2712	8F58	醜
2713	8F59	什
2714	8F5A	住
2715	8F5B	充
2716	8F5C	十
2717	8F5D	従
2718	8F5E	戎
2719	8F5F	柔
2720	8F60	汁
2721	8F61	渋
2722	8F62	獣
2723	8F63	縦
2724	8F64	重
2725	8F65	銃
2726	8F66	叔
2727	8F67	夙
2728	8F68	宿
2729	8F69	淑
2730	8F6A	祝
2731	8F6B	縮
2732	8F6C	粛
2733	8F6D	塾
2734	8F6E	熟
2735	8F6F	出
2736	8F70	術
2737	8F71	述
2738	8F72	俊
2739	8F73	峻
2740	8F74	春
2741	8F75	瞬
2742	8F76	竣
2743	8F77	舜
2744	8F78	駿
2745	8F79	准
2746	8F7A	循
2747	8F7B	旬
2748	8F7C	楯
2749	8F7D	殉
2750	8F7E	淳
2752	8F80	準
2753	8F81	潤
2754	8F82	盾
2755	8F83	純
2756	8F84	巡
2757	8F85	遵
2758	8F86	醇
2759	8F87	順
2760	8F88	処
2761	8F89	初
2762	8F8A	所
2763	8F8B	暑
2764	8F8C	曙
2765	8F8D	渚
2766	8F8E	庶
2767	8F8F	緒
2768	8F90	署
2769	8F91	書
2770	8F92	薯
2771	8F93	藷
2772	8F94	諸
2773	8F95	助
2774	8F96	叙
2775	8F97	女
2776	8F98	序
2777	8F99	徐
2778	8F9A	恕
2779	8F9B	鋤
2780	8F9C	除
2781	8F9D	傷
2782	8F9E	償
2783	8F9F	勝
2784	8FA0	匠
2785	8FA1	升
2786	8FA2	召
2787	8FA3	哨
2788	8FA4	商
2789	8FA5	唱
2790	8FA6	嘗
2791	8FA7	奨
2792	8FA8	妾
2793	8FA9	娼
2794	8FAA	宵
2795	8FAB	将
2796	8FAC	小
2797	8FAD	少
2798	8FAE	尚
2799	8FAF	庄
2800	8FB0	床
2801	8FB1	廠
2802	8FB2	彰
2803	8FB3	承
2804	8FB4	抄
2805	8FB5	招
2806	8FB6	掌
2807	8FB7	捷
2808	8FB8	昇
2809	8FB9	昌
2810	8FBA	昭
2811	8FBB	晶
2812	8FBC	松
2813	8FBD	梢
2814	8FBE	樟
2815	8FBF	樵
2816	8FC0	沼
2817	8FC1	消
2818	8FC2	渉
2819	8FC3	湘
2820	8FC4	焼
2821	8FC5	焦
2822	8FC6	照
2823	8FC7	症
2824	8FC8	省
2825	8FC9	硝
2826	8FCA	礁
2827	8FCB	祥
2828	8FCC	称
2829	8FCD	章
2830	8FCE	笑
2831	8FCF	粧
2832	8FD0	紹
2833	8FD1	肖
2834	8FD2	菖
2835	8FD3	蒋
2836	8FD4	蕉
2837	8FD5	衝
2838	8FD6	裳
2839	8FD7	訟
2840	8FD8	証
2841	8FD9	詔
2842	8FDA	詳
2843	8FDB	象
2844	8FDC	賞
2845	8FDD	醤
2846	8FDE	鉦
2847	8FDF	鍾
2848	8FE0	鐘
2849	8FE1	障
2850	8FE2	鞘
2851	8FE3	上
2852	8FE4	丈
2853	8FE5	丞
2854	8FE6	乗
2855	8FE7	冗
2856	8FE8	剰
2857	8FE9	城
2858	8FEA	場
2859	8FEB	壌
2860	8FEC	嬢
2861	8FED	常
2862	8FEE	情
2863	8FEF	擾
2864	8FF0	条
2865	8FF1	杖
2866	8FF2	浄
2867	8FF3	状
2868	8FF4	畳
2869	8FF5	穣
2870	8FF6	蒸
2871	8FF7	譲
2872	8FF8	醸
2873	8FF9	錠
2874	8FFA	嘱
2875	8FFB	埴
2876	8FFC	飾
2880	9040	拭
2881	9041	植
2882	9042	殖
2883	9043	燭
2884	9044	織
2885	9045	職
2886	9046	色
2887	9047	触
2888	9048	食
2889	9049	蝕
2890	904A	辱
2891	904B	尻
2892	904C	伸
2893	904D	信
2894	904E	侵
2895	904F	唇
2896	9050	娠
2897	9051	寝
2898	9052	審
2899	9053	心
2900	9054	慎
2901	9055	振
2902	9056	新
2903	9057	晋
2904	9058	森
2905	9059	榛
2906	905A	浸
2907	905B	深
2908	905C	申
2909	905D	疹
2910	905E	真
2911	905F	神
2912	9060	秦
2913	9061	紳
2914	9062	臣
2915	9063	芯
2916	9064	薪
2917	9065	親
2918	9066	診
2919	9067	身
2920	9068	辛
2921	9069	進
2922	906A	針
2923	906B	震
2924	906C	人
2925	906D	仁
2926	906E	刃
2927	906F	塵
2928	9070	壬
2929	9071	尋
2930	9072	甚
2931	9073	尽
2932	9074	腎
2933	9075	訊
2934	9076	迅
2935	9077	陣
2936	9078	靭
2937	9079	笥
2938	907A	諏
2939	907B	須
2940	907C	酢
2941	907D	図
2942	907E	厨
2944	9080	逗
2945	9081	吹
2946	9082	垂
2947	9083	帥
2948	9084	推
2949	9085	水
2950	9086	炊
2951	9087	睡
2952	9088	粋
2953	9089	翠
2954	908A	衰
2955	908B	遂
2956	908C	酔
2957	908D	錐
2958	908E	錘
2959	908F	随
2960	9090	瑞
2961	9091	髄
2962	9092	崇
2963	9093	嵩
2964	9094	数
2965	9095	枢
2966	9096	趨
2967	9097	雛
2968	9098	据
2969	9099	杉
2970	909A	椙
2971	909B	菅
2972	909C	頗
2973	909D	雀
2974	909E	裾
2975	909F	澄
2976	90A0	摺
2977	90A1	寸
2978	90A2	世
2979	90A3	瀬
2980	90A4	畝
2981	90A5	是
2982	90A6	凄
2983	90A7	制
2984	90A8	勢
2985	90A9	姓
2986	90AA	征
2987	90AB	性
2988	90AC	成
2989	90AD	政
2990	90AE	整
2991	90AF	星
2992	90B0	晴
2993	90B1	棲
2994	90B2	栖
2995	90B3	正
2996	90B4	清
2997	90B5	牲
2998	90B6	生
2999	90B7	盛
3000	90B8	精
3001	90B9	聖
3002	90BA	声
3003	90BB	製
3004	90BC	西
3005	90BD	誠
3006	90BE	誓
3007	90BF	請
3008	90C0	逝
3009	90C1	醒
3010	90C2	青
3011	90C3	静
3012	90C4	斉
3013	90C5	税
3014	90C6	脆
3015	90C7	隻
3016	90C8	席
3017	90C9	惜
3018	90CA	戚
3019	90CB	斥
3020	90CC	昔
3021	90CD	析
3022	90CE	石
3023	90CF	積
3024	90D0	籍
3025	90D1	績
3026	90D2	脊
3027	90D3	責
3028	90D4	赤
3029	90D5	跡
3030	90D6	蹟
3031	90D7	碩
3032	90D8	切
3033	90D9	拙
3034	90DA	接
3035	90DB	摂
3036	90DC	折
3037	90DD	設
3038	90DE	窃
3039	90DF	節
3040	90E0	説
3041	90E1	雪
3042	90E2	絶
3043	90E3	舌
3044	90E4	蝉
3045	90E5	仙
3046	90E6	先
3047	90E7	千
3048	90E8	占
3049	90E9	宣
3050	90EA	専
3051	90EB	尖
3052	90EC	川
3053	90ED	戦
3054	90EE	扇
3055	90EF	撰
3056	90F0	栓
3057	90F1	栴
3058	90F2	泉
3059	90F3	浅
3060	90F4	洗
3061	90F5	染
3062	90F6	潜
3063	90F7	煎
3064	90F8	煽
3065	90F9	旋
3066	90FA	穿
3067	90FB	箭
3068	90FC	線
3072	9140	繊
3073	9141	羨
3074	9142	腺
3075	9143	舛
3076	9144	船
3077	9145	薦
3078	9146	詮
3079	9147	賎
3080	9148	践
3081	9149	選
3082	914A	遷
3083	914B	銭
3084	914C	銑
3085	914D	閃
3086	914E	鮮
3087	914F	前
3088	9150	善
3089	9151	漸
3090	9152	然
3091	9153	全
3092	9154	禅
3093	9155	繕
3094	9156	膳
3095	9157	糎
3096	9158	噌
3097	9159	塑
3098	915A	岨
3099	915B	措
3100	915C	曾
3101	915D	曽
3102	915E	楚
3103	915F	狙
3104	9160	疏
3105	9161	疎
3106	9162	礎
3107	9163	祖
3108	9164	租
3109	9165	粗
3110	9166	素
3111	9167	組
3112	9168	蘇
3113	9169	訴
3114	916A	阻
3115	916B	遡
3116	916C	鼠
3117	916D	僧
3118	916E	創
3119	916F	双
3120	9170	叢
3121	9171	倉
3122	9172	喪
3123	9173	壮
3124	9174	奏
3125	9175	爽
3126	9176	宋
3127	9177	層
3128	9178	匝
3129	9179	惣
3130	917A	想
3131	917B	捜
3132	917C	掃
3133	917D	挿
3134	917E	掻
3136	9180	操
3137	9181	早
3138	9182	曹
3139	9183	巣
3140	9184	槍
3141	9185	槽
3142	9186	漕
3143	9187	燥
3144	9188	争
3145	9189	痩
3146	918A	相
3147	918B	窓
3148	918C	糟
3149	918D	総
3150	918E	綜
3151	918F	聡
3152	9190	草
3153	9191	荘
3154	9192	葬
3155	9193	蒼
3156	9194	藻
3157	9195	装
3158	9196	走
3159	9197	送
3160	9198	遭
3161	9199	鎗
3162	919A	霜
3163	919B	騒
3164	919C	像
3165	919D	増
3166	919E	憎
3167	919F	臓
3168	91A0	蔵
3169	91A1	贈
3170	91A2	造
3171	91A3	促
3172	91A4	側
3173	91A5	則
3174	91A6	即
3175	91A7	息
3176	91A8	捉
3177	91A9	束
3178	91AA	測
3179	91AB	足
3180	91AC	速
3181	91AD	俗
3182	91AE	属
3183	91AF	賊
3184	91B0	族
3185	91B1	続
3186	91B2	卒
3187	91B3	袖
3188	91B4	其
3189	91B5	揃
3190	91B6	存
3191	91B7	孫
3192	91B8	尊
3193	91B9	損
3194	91BA	村
3195	91BB	遜
3196	91BC	他
3197	91BD	多
3198	91BE	太
3199	91BF	汰
3200	91C0	詑
3201	91C1	唾
3202	91C2	堕
3203	91C3	妥
3204	91C4	惰
3205	91C5	打
3206	91C6	柁
3207	91C7	舵
3208	91C8	楕
3209	91C9	陀
3210	91CA	駄
3211	91CB	騨
3212	91CC	体
3213	91CD	堆
3214	91CE	対
3215	91CF	耐
3216	91D0	岱
3217	91D1	帯
3218	91D2	待
3219	91D3	怠
3220	91D4	態
3221	91D5	戴
3222	91D6	替
3223	91D7	泰
3224	91D8	滞
3225	91D9	胎
3226	91DA	腿
3227	91DB	苔
3228	91DC	袋
3229	91DD	貸
3230	91DE	退
3231	91DF	逮
3232	91E0	隊
3233	91E1	黛
3234	91E2	鯛
3235	91E3	代
3236	91E4	台
3237	91E5	大
3238	91E6	第
3239	91E7	醍
3240	91E8	題
3241	91E9	鷹
3242	91EA	滝
3243	91EB	瀧
3244	91EC	卓
3245	91ED	啄
3246	91EE	宅
3247	91EF	托
3248	91F0	択
3249	91F1	拓
3250	91F2	沢
3251	91F3	濯
3252	91F4	琢
3253	91F5	託
3254	91F6	鐸
3255	91F7	濁
3256	91F8	諾
3257	91F9	茸
3258	91FA	凧
3259	91FB	蛸
3260	91FC	只
3264	9240	叩
3265	9241	但
3266	9242	達
3267	9243	辰
3268	9244	奪
3269	9245	脱
3270	9246	巽
3271	9247	竪
3272	9248	辿
3273	9249	棚
3274	924A	谷
3275	924B	狸
3276	924C	鱈
3277	924D	樽
3278	924E	誰
3279	924F	丹
3280	9250	単
3281	9251	嘆
3282	9252	坦
3283	9253	担
3284	9254	探
3285	9255	旦
3286	9256	歎
3287	9257	淡
3288	9258	湛
3289	9259	炭
3290	925A	短
3291	925B	端
3292	925C	箪
3293	925D	綻
3294	925E	耽
3295	925F	胆
3296	9260	蛋
3297	9261	誕
3298	9262	鍛
3299	9263	団
3300	9264	壇
3301	9265	弾
3302	9266	断
3303	9267	暖
3304	9268	檀
3305	9269	段
3306	926A	男
3307	926B	談
3308	926C	値
3309	926D	知
3310	926E	地
3311	926F	弛
3312	9270	恥
3313	9271	智
3314	9272	池
3315	9273	痴
3316	9274	稚
3317	9275	置
3318	9276	致
3319	9277	蜘
3320	9278	遅
3321	9279	馳
3322	927A	築
3323	927B	畜
3324	927C	竹
3325	927D	筑
3326	927E	蓄
3328	9280	逐
3329	9281	秩
3330	9282	窒
3331	9283	茶
3332	9284	嫡
3333	9285	着
3334	9286	中
3335	9287	仲
3336	9288	宙
3337	9289	忠
3338	928A	抽
3339	928B	昼
3340	928C	柱
3341	928D	注
3342	928E	虫
3343	928F	衷
3344	9290	註
3345	9291	酎
3346	9292	鋳
3347	9293	駐
3348	9294	樗
3349	9295	瀦
3350	9296	猪
3351	9297	苧
3352	9298	著
3353	9299	貯
3354	929A	丁
3355	929B	兆
3356	929C	凋
3357	929D	喋
3358	929E	寵
3359	929F	帖
3360	92A0	帳
3361	92A1	庁
3362	92A2	弔
3363	92A3	張
3364	92A4	彫
3365	92A5	徴
3366	92A6	懲
3367	92A7	挑
3368	92A8	暢
3369	92A9	朝
3370	92AA	潮
3371	92AB	牒
3372	92AC	町
3373	92AD	眺
3374	92AE	聴
3375	92AF	脹
3376	92B0	腸
3377	92B1	蝶
3378	92B2	調
3379	92B3	諜
3380	92B4	超
3381	92B5	跳
3382	92B6	銚
3383	92B7	長
3384	92B8	頂
3385	92B9	鳥
3386	92BA	勅
3387	92BB	捗
3388	92BC	直
3389	92BD	朕
3390	92BE	沈
3391	92BF	珍
3392	92C0	賃
3393	92C1	鎮
3394	92C2	陳
3395	92C3	津
3396	92C4	墜
3397	92C5	椎
3398	92C6	槌
3399	92C7	追
3400	92C8	鎚
3401	92C9	痛
3402	92CA	通
3403	92CB	塚
3404	92CC	栂
3405	92CD	掴
3406	92CE	槻
3407	92CF	佃
3408	92D0	漬
3409	92D1	柘
3410	92D2	辻
3411	92D3	蔦
3412	92D4	綴
3413	92D5	鍔
3414	92D6	椿
3415	92D7	潰
3416	92D8	坪
3417	92D9	壷
3418	92DA	嬬
3419	92DB	紬
3420	92DC	爪
3421	92DD	吊
3422	92DE	釣
3423	92DF	鶴
3424	92E0	亭
3425	92E1	低
3426	92E2	停
3427	92E3	偵
3428	92E4	剃
3429	92E5	貞
3430	92E6	呈
3431	92E7	堤
3432	92E8	定
3433	92E9	帝
3434	92EA	底
3435	92EB	庭
3436	92EC	廷
3437	92ED	弟
3438	92EE	悌
3439	92EF	抵
3440	92F0	挺
3441	92F1	提
3442	92F2	梯
3443	92F3	汀
3444	92F4	碇
3445	92F5	禎
3446	92F6	程
3447	92F7	締
3448	92F8	艇
3449	92F9	訂
3450	92FA	諦
3451	92FB	蹄
3452	92FC	逓
3456	9340	邸
3457	9341	鄭
3458	9342	釘
3459	9343	鼎
3460	9344	泥
3461	9345	摘
3462	9346	擢
3463	9347	敵
3464	9348	滴
3465	9349	的
3466	934A	笛
3467	934B	適
3468	934C	鏑
3469	934D	溺
3470	934E	哲
3471	934F	徹
3472	9350	撤
3473	9351	轍
3474	9352	迭
3475	9353	鉄
3476	9354	典
3477	9355	填
3478	9356	天
3479	9357	展
3480	9358	店
3481	9359	添
3482	935A	纏
3483	935B	甜
3484	935C	貼
3485	935D	転
3486	935E	顛
3487	935F	点
3488	9360	伝
3489	9361	殿
3490	9362	澱
3491	9363	田
3492	9364	電
3493	9365	兎
3494	9366	吐
3495	9367	堵
3496	9368	塗
3497	9369	妬
3498	936A	屠
3499	936B	徒
3500	936C	斗
3501	936D	杜
3502	936E	渡
3503	936F	登
3504	9370	菟
3505	9371	賭
3506	9372	途
3507	9373	都
3508	9374	鍍
3509	9375	砥
3510	9376	砺
3511	9377	努
3512	9378	度
3513	9379	土
3514	937A	奴
3515	937B	怒
3516	937C	倒
3517	937D	党
3518	937E	冬
3520	9380	凍
3521	9381	刀
3522	9382	唐
3523	9383	塔
3524	9384	塘
3525	9385	套
3526	9386	宕
3527	9387	島
3528	9388	嶋
3529	9389	悼
3530	938A	投
3531	938B	搭
3532	938C	東
3533	938D	桃
3534	938E	梼
3535	938F	棟
3536	9390	盗
3537	9391	淘
3538	9392	湯
3539	9393	涛
3540	9394	灯
3541	9395	燈
3542	9396	当
3543	9397	痘
3544	9398	祷
3545	9399	等
3546	939A	答
3547	939B	筒
3548	939C	糖
3549	939D	統
3550	939E	到
3551	939F	董
3552	93A0	蕩
3553	93A1	藤
3554	93A2	討
3555	93A3	謄
3556	93A4	豆
3557	93A5	踏
3558	93A6	逃
3559	93A7	透
3560	93A8	鐙
3561	93A9	陶
3562	93AA	頭
3563	93AB	騰
3564	93AC	闘
3565	93AD	働
3566	93AE	動
3567	93AF	同
3568	93B0	堂
3569	93B1	導
3570	93B2	憧
3571	93B3	撞
3572	93B4	洞
3573	93B5	瞳
3574	93B6	童
3575	93B7	胴
3576	93B8	萄
3577	93B9	道
3578	93BA	銅
3579	93BB	峠
3580	93BC	鴇
3581	93BD	匿
3582	93BE	得
3583	93BF	徳
3584	93C0	涜
3585	93C1	特
3586	93C2	督
3587	93C3	禿
3588	93C4	篤
3589	93C5	毒
3590	93C6	独
3591	93C7	読
3592	93C8	栃
3593	93C9	橡
3594	93CA	凸
3595	93CB	突
3596	93CC	椴
3597	93CD	届
3598	93CE	鳶
3599	93CF	苫
3600	93D0	寅
3601	93D1	酉
3602	93D2	瀞
3603	93D3	噸
3604	93D4	屯
3605	93D5	惇
3606	93D6	敦
3607	93D7	沌
3608	93D8	豚
3609	93D9	遁
3610	93DA	頓
3611	93DB	呑
3612	93DC	曇
3613	93DD	鈍
3614	93DE	奈
3615	93DF	那
3616	93E0	内
3617	93E1	乍
3618	93E2	凪
3619	93E3	薙
3620	93E4	謎
3621	93E5	灘
3622	93E6	捺
3623	93E7	鍋
3624	93E8	楢
3625	93E9	馴
3626	93EA	縄
3627	93EB	畷
3628	93EC	南
3629	93ED	楠
3630	93EE	軟
3631	93EF	難
3632	93F0	汝
3633	93F1	二
3634	93F2	尼
3635	93F3	弐
3636	93F4	迩
3637	93F5	匂
3638	93F6	賑
3639	93F7	肉
3640	93F8	虹
3641	93F9	廿
3642	93FA	日
3643	93FB	乳
3644	93FC	入
3648	9440	如
3649	9441	尿
3650	9442	韮
3651	9443	任
3652	9444	妊
3653	9445	忍
3654	9446	認
3655	9447	濡
3656	9448	禰
3657	9449	祢
3658	944A	寧
3659	944B	葱
3660	944C	猫
3661	944D	熱
3662	944E	年
3663	944F	念
3664	9450	捻
3665	9451	撚
3666	9452	燃
3667	9453	粘
3668	9454	乃
3669	9455	廼
3670	9456	之
3671	9457	埜
3672	9458	嚢
3673	9459	悩
3674	945A	濃
3675	945B	納
3676	945C	能
3677	945D	脳
3678	945E	膿
3679	945F	農
3680	9460	覗
3681	9461	蚤
3682	9462	巴
3683	9463	把
3684	9464	播
3685	9465	覇
3686	9466	杷
3687	9467	波
3688	9468	派
3689	9469	琶
3690	946A	破
3691	946B	婆
3692	946C	罵
3693	946D	芭
3694	946E	馬
3695	946F	俳
3696	9470	廃
3697	9471	拝
3698	9472	排
3699	9473	敗
3700	9474	杯
3701	9475	盃
3702	9476	牌
3703	9477	背
3704	9478	肺
3705	9479	輩
3706	947A	配
3707	947B	倍
3708	947C	培
3709	947D	媒
3710	947E	梅
3712	9480	楳
3713	9481	煤
3714	9482	狽
3715	9483	買
3716	9484	売
3717	9485	賠
3718	9486	陪
3719	9487	這
3720	9488	蝿
3721	9489	秤
3722	948A	矧
3723	948B	萩
3724	948C	伯
3725	948D	剥
3726	948E	博
3727	948F	拍
3728	9490	柏
3729	9491	泊
3730	9492	白
3731	9493	箔
3732	9494	粕
3733	9495	舶
3734	9496	薄
3735	9497	迫
3736	9498	曝
3737	9499	漠
3738	949A	爆
3739	949B	縛
3740	949C	莫
3741	949D	駁
3742	949E	麦
3743	949F	函
3744	94A0	箱
3745	94A1	硲
3746	94A2	箸
3747	94A3	肇
3748	94A4	筈
3749	94A5	櫨
3750	94A6	幡
3751	94A7	肌
3752	94A8	畑
3753	94A9	畠
3754	94AA	八
3755	94AB	鉢
3756	94AC	溌
3757	94AD	発
3758	94AE	醗
3759	94AF	髪
3760	94B0	伐
3761	94B1	罰
3762	94B2	抜
3763	94B3	筏
3764	94B4	閥
3765	94B5	鳩
3766	94B6	噺
3767	94B7	塙
3768	94B8	蛤
3769	94B9	隼
3770	94BA	伴
3771	94BB	判
3772	94BC	半
3773	94BD	反
3774	94BE	叛
3775	94BF	帆
3776	94C0	搬
3777	94C1	斑
3778	94C2	板
3779	94C3	氾
3780	94C4	汎
3781	94C5	版
3782	94C6	犯
3783	94C7	班
3784	94C8	畔
3785	94C9	繁
3786	94CA	般
3787	94CB	藩
3788	94CC	販
3789	94CD	範
3790	94CE	釆
3791	94CF	煩
3792	94D0	頒
3793	94D1	飯
3794	94D2	挽
3795	94D3	晩
3796	94D4	番
3797	94D5	盤
3798	94D6	磐
3799	94D7	蕃
3800	94D8	蛮
3801	94D9	匪
3802	94DA	卑
3803	94DB	否
3804	94DC	妃
3805	94DD	庇
3806	94DE	彼
3807	94DF	悲
3808	94E0	扉
3809	94E1	批
3810	94E2	披
3811	94E3	斐
3812	94E4	比
3813	94E5	泌
3814	94E6	疲
3815	94E7	皮
3816	94E8	碑
3817	94E9	秘
3818	94EA	緋
3819	94EB	罷
3820	94EC	肥
3821	94ED	被
3822	94EE	誹
3823	94EF	費
3824	94F0	避
3825	94F1	非
3826	94F2	飛
3827	94F3	樋
3828	94F4	簸
3829	94F5	備
3830	94F6	尾
3831	94F7	微
3832	94F8	枇
3833	94F9	毘
3834	94FA	琵
3835	94FB	眉
3836	94FC	美
3840	9540	鼻
3841	9541	柊
3842	9542	稗
3843	9543	匹
3844	9544	疋
3845	9545	髭
3846	9546	彦
3847	9547	膝
3848	9548	菱
3849	9549	肘
3850	954A	弼
3851	954B	必
3852	954C	畢
3853	954D	筆
3854	954E	逼
3855	954F	桧
3856	9550	姫
3857	9551	媛
3858	9552	紐
3859	9553	百
3860	9554	謬
3861	9555	俵
3862	9556	彪
3863	9557	標
3864	9558	氷
3865	9559	漂
3866	955A	瓢
3867	955B	票
3868	955C	表
3869	955D	評
3870	955E	豹
3871	955F	廟
3872	9560	描
3873	9561	病
3874	9562	秒
3875	9563	苗
3876	9564	錨
3877	9565	鋲
3878	9566	蒜
3879	9567	蛭
3880	9568	鰭
3881	9569	品
3882	956A	彬
3883	956B	斌
3884	956C	浜
3885	956D	瀕
3886	956E	貧
3887	956F	賓
3888	9570	頻
3889	9571	敏
3890	9572	瓶
3891	9573	不
3892	9574	付
3893	9575	埠
3894	9576	夫
3895	9577	婦
3896	9578	富
3897	9579	冨
3898	957A	布
3899	957B	府
3900	957C	怖
3901	957D	扶
3902	957E	敷
3904	9580	斧
3905	9581	普
3906	9582	浮
3907	9583	父
3908	9584	符
3909	9585	腐
3910	9586	膚
3911	9587	芙
3912	9588	譜
3913	9589	負
3914	958A	賦
3915	958B	赴
3916	958C	阜
3917	958D	附
3918	958E	侮
3919	958F	撫
3920	9590	武
3921	9591	舞
3922	9592	葡
3923	9593	蕪
3924	9594	部
3925	9595	封
3926	9596	楓
3927	9597	風
3928	9598	葺
3929	9599	蕗
3930	959A	伏
3931	959B	副
3932	959C	復
3933	959D	幅
3934	959E	服
3935	959F	福
3936	95A0	腹
3937	95A1	複
3938	95A2	覆
3939	95A3	淵
3940	95A4	弗
3941	95A5	払
3942	95A6	沸
3943	95A7	仏
3944	95A8	物
3945	95A9	鮒
3946	95AA	分
3947	95AB	吻
3948	95AC	噴
3949	95AD	墳
3950	95AE	憤
3951	95AF	扮
3952	95B0	焚
3953	95B1	奮
3954	95B2	粉
3955	95B3	糞
3956	95B4	紛
3957	95B5	雰
3958	95B6	文
3959	95B7	聞
3960	95B8	丙
3961	95B9	併
3962	95BA	兵
3963	95BB	塀
3964	95BC	幣
3965	95BD	平
3966	95BE	弊
3967	95BF	柄
3968	95C0	並
3969	95C1	蔽
3970	95C2	閉
3971	95C3	陛
3972	95C4	米
3973	95C5	頁
3974	95C6	僻
3975	95C7	壁
3976	95C8	癖
3977	95C9	碧
3978	95CA	別
3979	95CB	瞥
3980	95CC	蔑
3981	95CD	箆
3982	95CE	偏
3983	95CF	変
3984	95D0	片
3985	95D1	篇
3986	95D2	編
3987	95D3	辺
3988	95D4	返
3989	95D5	遍
3990	95D6	便
3991	95D7	勉
3992	95D8	娩
3993	95D9	弁
3994	95DA	鞭
3995	95DB	保
3996	95DC	舗
3997	95DD	鋪
3998	95DE	圃
3999	95DF	捕
4000	95E0	歩
4001	95E1	甫
4002	95E2	補
4003	95E3	輔
4004	95E4	穂
4005	95E5	募
4006	95E6	墓
4007	95E7	慕
4008	95E8	戊
4009	95E9	暮
4010	95EA	母
4011	95EB	簿
4012	95EC	菩
4013	95ED	倣
4014	95EE	俸
4015	95EF	包
4016	95F0	呆
4017	95F1	報
4018	95F2	奉
4019	95F3	宝
4020	95F4	峰
4021	95F5	峯
4022	95F6	崩
4023	95F7	庖
4024	95F8	抱
4025	95F9	捧
4026	95FA	放
4027	95FB	方
4028	95FC	朋
4032	9640	法
4033	9641	泡
4034	9642	烹
4035	9643	砲
4036	9644	縫
4037	9645	胞
4038	9646	芳
4039	9647	萌
4040	9648	蓬
4041	9649	蜂
4042	964A	褒
4043	964B	訪
4044	964C	豊
4045	964D	邦
4046	964E	鋒
4047	964F	飽
4048	9650	鳳
4049	9651	鵬
4050	9652	乏
4051	9653	亡
4052	9654	傍
4053	9655	剖
4054	9656	坊
4055	9657	妨
4056	9658	帽
4057	9659	忘
4058	965A	忙
4059	965B	房
4060	965C	暴
4061	965D	望
4062	965E	某
4063	965F	棒
4064	9660	冒
4065	9661	紡
4066	9662	肪
4067	9663	膨
4068	9664	謀
4069	9665	貌
4070	9666	貿
4071	9667	鉾
4072	9668	防
4073	9669	吠
4074	966A	頬
4075	966B	北
4076	966C	僕
4077	966D	卜
4078	966E	墨
4079	966F	撲
4080	9670	朴
4081	9671	牧
4082	9672	睦
4083	9673	穆
4084	9674	釦
4085	9675	勃
4086	9676	没
4087	9677	殆
4088	9678	堀
4089	9679	幌
4090	967A	奔
4091	967B	本
4092	967C	翻
4093	967D	凡
4094	967E	盆
4096	9680	摩
4097	9681	磨
4098	9682	魔
4099	9683	麻
4100	9684	埋
4101	9685	妹
4102	9686	昧
4103	9687	枚
4104	9688	毎
4105	9689	哩
4106	968A	槙
4107	968B	幕
4108	968C	膜
4109	968D	枕
4110	968E	鮪
4111	968F	柾
4112	9690	鱒
4113	9691	桝
4114	9692	亦
4115	9693	俣
4116	9694	又
4117	9695	抹
4118	9696	末
4119	9697	沫
4120	9698	迄
4121	9699	侭
4122	969A	繭
4123	969B	麿
4124	969C	万
4125	969D	慢
4126	969E	満
4127	969F	漫
4128	96A0	蔓
4129	96A1	味
4130	96A2	未
4131	96A3	魅
4132	96A4	巳
4133	96A5	箕
4134	96A6	岬
4135	96A7	密
4136	96A8	蜜
4137	96A9	湊
4138	96AA	蓑
4139	96AB	稔
4140	96AC	脈
4141	96AD	妙
4142	96AE	粍
4143	96AF	民
4144	96B0	眠
4145	96B1	務
4146	96B2	夢
4147	96B3	無
4148	96B4	牟
4149	96B5	矛
4150	96B6	霧
4151	96B7	鵡
4152	96B8	椋
4153	96B9	婿
4154	96BA	娘
4155	96BB	冥
4156	96BC	名
4157	96BD	命
4158	96BE	明
4159	96BF	盟
4160	96C0	迷
4161	96C1	銘
4162	96C2	鳴
4163	96C3	姪
4164	96C4	牝
4165	96C5	滅
4166	96C6	免
4167	96C7	棉
4168	96C8	綿
4169	96C9	緬
4170	96CA	面
4171	96CB	麺
4172	96CC	摸
4173	96CD	模
4174	96CE	茂
4175	96CF	妄
4176	96D0	孟
4177	96D1	毛
4178	96D2	猛
4179	96D3	盲
4180	96D4	網
4181	96D5	耗
4182	96D6	蒙
4183	96D7	儲
4184	96D8	木
4185	96D9	黙
4186	96DA	目
4187	96DB	杢
4188	96DC	勿
4189	96DD	餅
4190	96DE	尤
4191	96DF	戻
4192	96E0	籾
4193	96E1	貰
4194	96E2	問
4195	96E3	悶
4196	96E4	紋
4197	96E5	門
4198	96E6	匁
4199	96E7	也
4200	96E8	冶
4201	96E9	夜
4202	96EA	爺
4203	96EB	耶
4204	96EC	野
4205	96ED	弥
4206	96EE	矢
4207	96EF	厄
4208	96F0	役
4209	96F1	約
4210	96F2	薬
4211	96F3	訳
4212	96F4	躍
4213	96F5	靖
4214	96F6	柳
4215	96F7	薮
4216	96F8	鑓
4217	96F9	愉
4218	96FA	愈
4219	96FB	油
4220	96FC	癒
4224	9740	諭
4225	9741	輸
4226	9742	唯
4227	9743	佑
4228	9744	優
4229	9745	勇
4230	9746	友
4231	9747	宥
4232	9748	幽
4233	9749	悠
4234	974A	憂
4235	974B	揖
4236	974C	有
4237	974D	柚
4238	974E	湧
4239	974F	涌
4240	9750	猶
4241	9751	猷
4242	9752	由
4243	9753	祐
4244	9754	裕
4245	9755	誘
4246	9756	遊
4247	9757	邑
4248	9758	郵
4249	9759	雄
4250	975A	融
4251	975B	夕
4252	975C	予
4253	975D	余
4254	975E	与
4255	975F	誉
4256	9760	輿
4257	9761	預
4258	9762	傭
4259	9763	幼
4260	9764	妖
4261	9765	容
4262	9766	庸
4263	9767	揚
4264	9768	揺
4265	9769	擁
4266	976A	曜
4267	976B	楊
4268	976C	様
4269	976D	洋
4270	976E	溶
4271	976F	熔
4272	9770	用
4273	9771	窯
4274	9772	羊
4275	9773	耀
4276	9774	葉
4277	9775	蓉
4278	9776	要
4279	9777	謡
4280	9778	踊
4281	9779	遥
4282	977A	陽
4283	977B	養
4284	977C	慾
4285	977D	抑
4286	977E	欲
4288	9780	沃
4289	9781	浴
4290	9782	翌
4291	9783	翼
4292	9784	淀
4293	9785	羅
4294	9786	螺
4295	9787	裸
4296	9788	来
4297	9789	莱
4298	978A	頼
4299	978B	雷
4300	978C	洛
4301	978D	絡
4302	978E	落
4303	978F	酪
4304	9790	乱
4305	9791	卵
4306	9792	嵐
4307	9793	欄
4308	9794	濫
4309	9795	藍
4310	9796	蘭
4311	9797	覧
4312	9798	利
4313	9799	吏
4314	979A	履
4315	979B	李
4316	979C	梨
4317	979D	理
4318	979E	璃
4319	979F	痢
4320	97A0	裏
4321	97A1	裡
4322	97A2	里
4323	97A3	離
4324	97A4	陸
4325	97A5	律
4326	97A6	率
4327	97A7	立
4328	97A8	葎
4329	97A9	掠
4330	97AA	略
4331	97AB	劉
4332	97AC	流
4333	97AD	溜
4334	97AE	琉
4335	97AF	留
4336	97B0	硫
4337	97B1	粒
4338	97B2	隆
4339	97B3	竜
4340	97B4	龍
4341	97B5	侶
4342	97B6	慮
4343	97B7	旅
4344	97B8	虜
4345	97B9	了
4346	97BA	亮
4347	97BB	僚
4348	97BC	両
4349	97BD	凌
4350	97BE	寮
4351	97BF	料
4352	97C0	梁
4353	97C1	涼
4354	97C2	猟
4355	97C3	療
4356	97C4	瞭
4357	97C5	稜
4358	97C6	糧
4359	97C7	良
4360	97C8	諒
4361	97C9	遼
4362	97CA	量
4363	97CB	陵
4364	97CC	領
4365	97CD	力
4366	97CE	緑
4367	97CF	倫
4368	97D0	厘
4369	97D1	林
4370	97D2	淋
4371	97D3	燐
4372	97D4	琳
4373	97D5	臨
4374	97D6	輪
4375	97D7	隣
4376	97D8	鱗
4377	97D9	麟
4378	97DA	瑠
4379	97DB	塁
4380	97DC	涙
4381	97DD	累
4382	97DE	類
4383	97DF	令
4384	97E0	伶
4385	97E1	例
4386	97E2	冷
4387	97E3	励
4388	97E4	嶺
4389	97E5	怜
4390	97E6	玲
4391	97E7	礼
4392	97E8	苓
4393	97E9	鈴
4394	97EA	隷
4395	97EB	零
4396	97EC	霊
4397	97ED	麗
4398	97EE	齢
4399	97EF	暦
4400	97F0	歴
4401	97F1	列
4402	97F2	劣
4403	97F3	烈
4404	97F4	裂
4405	97F5	廉
4406	97F6	恋
4407	97F7	憐
4408	97F8	漣
4409	97F9	煉
4410	97FA	簾
4411	97FB	練
4412	97FC	聯
4416	9840	蓮
4417	9841	連
4418	9842	錬
4419	9843	呂
4420	9844	魯
4421	9845	櫓
4422	9846	炉
4423	9847	賂
4424	9848	路
4425	9849	露
4426	984A	労
4427	984B	婁
4428	984C	廊
4429	984D	弄
4430	984E	朗
4431	984F	楼
4432	9850	榔
4433	9851	浪
4434	9852	漏
4435	9853	牢
4436	9854	狼
4437	9855	篭
4438	9856	老
4439	9857	聾
4440	9858	蝋
4441	9859	郎
4442	985A	六
4443	985B	麓
4444	985C	禄
4445	985D	肋
4446	985E	録
4447	985F	論
4448	9860	倭
4449	9861	和
4450	9862	話
4451	9863	歪
4452	9864	賄
4453	9865	脇
4454	9866	惑
4455	9867	枠
4456	9868	鷲
4457	9869	亙
4458	986A	亘
4459	986B	鰐
4460	986C	詫
4461	986D	藁
4462	986E	蕨
4463	986F	椀
4464	9870	湾
4465	9871	碗
4466	9872	腕
4511	989F	弌
4512	98A0	丐
4513	98A1	丕
4514	98A2	个
4515	98A3	丱
4516	98A4	丶
4517	98A5	丼
4518	98A6	丿
4519	98A7	乂
4520	98A8	乖
4521	98A9	乘
4522	98AA	亂
4523	98AB	亅
4524	98AC	豫
4525	98AD	亊
4526	98AE	舒
4527	98AF	弍
4528	98B0	于
4529	98B1	亞
4530	98B2	亟
4531	98B3	亠
4532	98B4	亢
4533	98B5	亰
4534	98B6	亳
4535	98B7	亶
4536	98B8	从
4537	98B9	仍
4538	98BA	仄
4539	98BB	仆
4540	98BC	仂
4541	98BD	仗
4542	98BE	仞
4543	98BF	仭
4544	98C0	仟
4545	98C1	价
4546	98C2	伉
4547	98C3	佚
4548	98C4	估
4549	98C5	佛
4550	98C6	佝
4551	98C7	佗
4552	98C8	佇
4553	98C9	佶
4554	98CA	侈
4555	98CB	侏
4556	98CC	侘
4557	98CD	佻
4558	98CE	佩
4559	98CF	佰
4560	98D0	侑
4561	98D1	佯
4562	98D2	來
4563	98D3	侖
4564	98D4	儘
4565	98D5	俔
4566	98D6	俟
4567	98D7	俎
4568	98D8	俘
4569	98D9	俛
4570	98DA	俑
4571	98DB	俚
4572	98DC	俐
4573	98DD	俤
4574	98DE	俥
4575	98DF	倚
4576	98E0	倨
4577	98E1	倔
4578	98E2	倪
4579	98E3	倥
4580	98E4	倅
4581	98E5	伜
4582	98E6	俶
4583	98E7	倡
4584	98E8	倩
4585	98E9	倬
4586	98EA	俾
4587	98EB	俯
4588	98EC	們
4589	98ED	倆
4590	98EE	偃
4591	98EF	假
4592	98F0	會
4593	98F1	偕
4594	98F2	偐
4595	98F3	偈
4596	98F4	做
4597	98F5	偖
4598	98F6	偬
4599	98F7	偸
4600	98F8	傀
4601	98F9	傚
4602	98FA	傅
4603	98FB	傴
4604	98FC	傲
4608	9940	僉
4609	9941	僊
4610	9942	傳
4611	9943	僂
4612	9944	僖
4613	9945	僞
4614	9946	僥
4615	9947	僭
4616	9948	僣
4617	9949	僮
4618	994A	價
4619	994B	僵
4620	994C	儉
4621	994D	儁
4622	994E	儂
4623	994F	儖
4624	9950	儕
4625	9951	儔
4626	9952	儚
4627	9953	儡
4628	9954	儺
4629	9955	儷
4630	9956	儼
4631	9957	儻
4632	9958	儿
4633	9959	兀
4634	995A	兒
4635	995B	兌
4636	995C	兔
4637	995D	兢
4638	995E	竸
4639	995F	兩
4640	9960	兪
4641	9961	兮
4642	9962	冀
4643	9963	冂
4644	9964	囘
4645	9965	册
4646	9966	冉
4647	9967	冏
4648	9968	冑
4649	9969	冓
4650	996A	冕
4651	996B	冖
4652	996C	冤
4653	996D	冦
4654	996E	冢
4655	996F	冩
4656	9970	冪
4657	9971	冫
4658	9972	决
4659	9973	冱
4660	9974	冲
4661	9975	冰
4662	9976	况
4663	9977	冽
4664	9978	凅
4665	9979	凉
4666	997A	凛
4667	997B	几
4668	997C	處
4669	997D	凩
4670	997E	凭
4672	9980	凰
4673	9981	凵
4674	9982	凾
4675	9983	刄
4676	9984	刋
4677	9985	刔
4678	9986	刎
4679	9987	刧
4680	9988	刪
4681	9989	刮
4682	998A	刳
4683	998B	刹
4684	998C	剏
4685	998D	剄
4686	998E	剋
4687	998F	剌
4688	9990	剞
4689	9991	剔
4690	9992	剪
4691	9993	剴
4692	9994	剩
4693	9995	剳
4694	9996	剿
4695	9997	剽
4696	9998	劍
4697	9999	劔
4698	999A	劒
4699	999B	剱
4700	999C	劈
4701	999D	劑
4702	999E	辨
4703	999F	辧
4704	99A0	劬
4705	99A1	劭
4706	99A2	劼
4707	99A3	劵
4708	99A4	勁
4709	99A5	勍
4710	99A6	勗
4711	99A7	勞
4712	99A8	勣
4713	99A9	勦
4714	99AA	飭
4715	99AB	勠
4716	99AC	勳
4717	99AD	勵
4718	99AE	勸
4719	99AF	勹
4720	99B0	匆
4721	99B1	匈
4722	99B2	甸
4723	99B3	匍
4724	99B4	匐
4725	99B5	匏
4726	99B6	匕
4727	99B7	匚
4728	99B8	匣
4729	99B9	匯
4730	99BA	匱
4731	99BB	匳
4732	99BC	匸
4733	99BD	區
4734	99BE	卆
4735	99BF	卅
4736	99C0	丗
4737	99C1	卉
4738	99C2	卍
4739	99C3	凖
4740	99C4	卞
4741	99C5	卩
4742	99C6	卮
4743	99C7	夘
4744	99C8	卻
4745	99C9	卷
4746	99CA	厂
4747	99CB	厖
4748	99CC	厠
4749	99CD	厦
4750	99CE	厥
4751	99CF	厮
4752	99D0	厰
4753	99D1	厶
4754	99D2	參
4755	99D3	簒
4756	99D4	雙
4757	99D5	叟
4758	99D6	曼
4759	99D7	燮
4760	99D8	叮
4761	99D9	叨
4762	99DA	叭
4763	99DB	叺
4764	99DC	吁
4765	99DD	吽
4766	99DE	呀
4767	99DF	听
4768	99E0	吭
4769	99E1	吼
4770	99E2	吮
4771	99E3	吶
4772	99E4	吩
4773	99E5	吝
4774	99E6	呎
4775	99E7	咏
4776	99E8	呵
4777	99E9	咎
4778	99EA	呟
4779	99EB	呱
4780	99EC	呷
4781	99ED	呰
4782	99EE	咒
4783	99EF	呻
4784	99F0	咀
4785	99F1	呶
4786	99F2	咄
4787	99F3	咐
4788	99F4	咆
4789	99F5	哇
4790	99F6	咢
4791	99F7	咸
4792	99F8	咥
4793	99F9	咬
4794	99FA	哄
4795	99FB	哈
4796	99FC	咨
4800	9A40	咫
4801	9A41	哂
4802	9A42	咤
4803	9A43	咾
4804	9A44	咼
4805	9A45	哘
4806	9A46	哥
4807	9A47	哦
4808	9A48	唏
4809	9A49	唔
4810	9A4A	哽
4811	9A4B	哮
4812	9A4C	哭
4813	9A4D	哺
4814	9A4E	哢
4815	9A4F	唹
4816	9A50	啀
4817	9A51	啣
4818	9A52	啌
4819	9A53	售
4820	9A54	啜
4821	9A55	啅
4822	9A56	啖
4823	9A57	啗
4824	9A58	唸
4825	9A59	唳
4826	9A5A	啝
4827	9A5B	喙
4828	9A5C	喀
4829	9A5D	咯
4830	9A5E	喊
4831	9A5F	喟
4832	9A60	啻
4833	9A61	啾
4834	9A62	喘
4835	9A63	喞
4836	9A64	單
4837	9A65	啼
4838	9A66	喃
4839	9A67	喩
4840	9A68	喇
4841	9A69	喨
4842	9A6A	嗚
4843	9A6B	嗅
4844	9A6C	嗟
4845	9A6D	嗄
4846	9A6E	嗜
4847	9A6F	嗤
4848	9A70	嗔
4849	9A71	嘔
4850	9A72	嗷
4851	9A73	嘖
4852	9A74	嗾
4853	9A75	嗽
4854	9A76	嘛
4855	9A77	嗹
4856	9A78	噎
4857	9A79	噐
4858	9A7A	營
4859	9A7B	嘴
4860	9A7C	嘶
4861	9A7D	嘲
4862	9A7E	嘸
4864	9A80	噫
4865	9A81	噤
4866	9A82	嘯
4867	9A83	噬
4868	9A84	噪
4869	9A85	嚆
4870	9A86	嚀
4871	9A87	嚊
4872	9A88	嚠
4873	9A89	嚔
4874	9A8A	嚏
4875	9A8B	嚥
4876	9A8C	嚮
4877	9A8D	嚶
4878	9A8E	嚴
4879	9A8F	囂
4880	9A90	嚼
4881	9A91	囁
4882	9A92	囃
4883	9A93	囀
4884	9A94	囈
4885	9A95	囎
4886	9A96	囑
4887	9A97	囓
4888	9A98	囗
4889	9A99	囮
4890	9A9A	囹
4891	9A9B	圀
4892	9A9C	囿
4893	9A9D	圄
4894	9A9E	圉
4895	9A9F	圈
4896	9AA0	國
4897	9AA1	圍
4898	9AA2	圓
4899	9AA3	團
4900	9AA4	圖
4901	9AA5	嗇
4902	9AA6	圜
4903	9AA7	圦
4904	9AA8	圷
4905	9AA9	圸
4906	9AAA	坎
4907	9AAB	圻
4908	9AAC	址
4909	9AAD	坏
4910	9AAE	坩
4911	9AAF	埀
4912	9AB0	垈
4913	9AB1	坡
4914	9AB2	坿
4915	9AB3	垉
4916	9AB4	垓
4917	9AB5	垠
4918	9AB6	垳
4919	9AB7	垤
4920	9AB8	垪
4921	9AB9	垰
4922	9ABA	埃
4923	9ABB	埆
4924	9ABC	埔
4925	9ABD	埒
4926	9ABE	埓
4927	9ABF	堊
4928	9AC0	埖
4929	9AC1	埣
4930	9AC2	堋
4931	9AC3	堙
4932	9AC4	堝
4933	9AC5	塲
4934	9AC6	堡
4935	9AC7	塢
4936	9AC8	塋
4937	9AC9	塰
4938	9ACA	毀
4939	9ACB	塒
4940	9ACC	堽
4941	9ACD	塹
4942	9ACE	墅
4943	9ACF	墹
4944	9AD0	墟
4945	9AD1	墫
4946	9AD2	墺
4947	9AD3	壞
4948	9AD4	墻
4949	9AD5	墸
4950	9AD6	墮
4951	9AD7	壅
4952	9AD8	壓
4953	9AD9	壑
4954	9ADA	壗
4955	9ADB	壙
4956	9ADC	壘
4957	9ADD	壥
4958	9ADE	壜
4959	9ADF	壤
4960	9AE0	壟
4961	9AE1	壯
4962	9AE2	壺
4963	9AE3	壹
4964	9AE4	壻
4965	9AE5	壼
4966	9AE6	壽
4967	9AE7	夂
4968	9AE8	夊
4969	9AE9	夐
4970	9AEA	夛
4971	9AEB	梦
4972	9AEC	夥
4973	9AED	夬
4974	9AEE	夭
4975	9AEF	夲
4976	9AF0	夸
4977	9AF1	夾
4978	9AF2	竒
4979	9AF3	奕
4980	9AF4	奐
4981	9AF5	奎
4982	9AF6	奚
4983	9AF7	奘
4984	9AF8	奢
4985	9AF9	奠
4986	9AFA	奧
4987	9AFB	奬
4988	9AFC	奩
4992	9B40	奸
4993	9B41	妁
4994	9B42	妝
4995	9B43	佞
4996	9B44	侫
4997	9B45	妣
4998	9B46	妲
4999	9B47	姆
5000	9B48	姨
5001	9B49	姜
5002	9B4A	妍
5003	9B4B	姙
5004	9B4C	姚
5005	9B4D	娥
5006	9B4E	娟
5007	9B4F	娑
5008	9B50	娜
5009	9B51	娉
5010	9B52	娚
5011	9B53	婀
5012	9B54	婬
5013	9B55	婉
5014	9B56	娵
5015	9B57	娶
5016	9B58	婢
5017	9B59	婪
5018	9B5A	媚
5019	9B5B	媼
5020	9B5C	媾
5021	9B5D	嫋
5022	9B5E	嫂
5023	9B5F	媽
5024	9B60	嫣
5025	9B61	嫗
5026	9B62	嫦
5027	9B63	嫩
5028	9B64	嫖
5029	9B65	嫺
5030	9B66	嫻
5031	9B67	嬌
5032	9B68	嬋
5033	9B69	嬖
5034	9B6A	嬲
5035	9B6B	嫐
5036	9B6C	嬪
5037	9B6D	嬶
5038	9B6E	嬾
5039	9B6F	孃
5040	9B70	孅
5041	9B71	孀
5042	9B72	孑
5043	9B73	孕
5044	9B74	孚
5045	9B75	孛
5046	9B76	孥
5047	9B77	孩
5048	9B78	孰
5049	9B79	孳
5050	9B7A	孵
5051	9B7B	學
5052	9B7C	斈
5053	9B7D	孺
5054	9B7E	宀
5056	9B80	它
5057	9B81	宦
5058	9B82	宸
5059	9B83	寃
5060	9B84	寇
5061	9B85	寉
5062	9B86	寔
5063	9B87	寐
5064	9B88	寤
5065	9B89	實
5066	9B8A	寢
5067	9B8B	寞
5068	9B8C	寥
5069	9B8D	寫
5070	9B8E	寰
5071	9B8F	寶
5072	9B90	寳
5073	9B91	尅
5074	9B92	將
5075	9B93	專
5076	9B94	對
5077	9B95	尓
5078	9B96	尠
5079	9B97	尢
5080	9B98	尨
5081	9B99	尸
5082	9B9A	尹
5083	9B9B	屁
5084	9B9C	屆
5085	9B9D	屎
5086	9B9E	屓
5087	9B9F	屐
5088	9BA0	屏
5089	9BA1	孱
5090	9BA2	屬
5091	9BA3	屮
5092	9BA4	乢
5093	9BA5	屶
5094	9BA6	屹
5095	9BA7	岌
5096	9BA8	岑
5097	9BA9	岔
5098	9BAA	妛
5099	9BAB	岫
5100	9BAC	岻
5101	9BAD	岶
5102	9BAE	岼
5103	9BAF	岷
5104	9BB0	峅
5105	9BB1	岾
5106	9BB2	峇
5107	9BB3	峙
5108	9BB4	峩
5109	9BB5	峽
5110	9BB6	峺
5111	9BB7	峭
5112	9BB8	嶌
5113	9BB9	峪
5114	9BBA	崋
5115	9BBB	崕
5116	9BBC	崗
5117	9BBD	嵜
5118	9BBE	崟
5119	9BBF	崛
5120	9BC0	崑
5121	9BC1	崔
5122	9BC2	崢
5123	9BC3	崚
5124	9BC4	崙
5125	9BC5	崘
5126	9BC6	嵌
5127	9BC7	嵒
5128	9BC8	嵎
5129	9BC9	嵋
5130	9BCA	嵬
5131	9BCB	嵳
5132	9BCC	嵶
5133	9BCD	嶇
5134	9BCE	嶄
5135	9BCF	嶂
5136	9BD0	嶢
5137	9BD1	嶝
5138	9BD2	嶬
5139	9BD3	嶮
5140	9BD4	嶽
5141	9BD5	嶐
5142	9BD6	嶷
5143	9BD7	嶼
5144	9BD8	巉
5145	9BD9	巍
5146	9BDA	巓
5147	9BDB	巒
5148	9BDC	巖
5149	9BDD	巛
5150	9BDE	巫
5151	9BDF	已
5152	9BE0	巵
5153	9BE1	帋
5154	9BE2	帚
5155	9BE3	帙
5156	9BE4	帑
5157	9BE5	帛
5158	9BE6	帶
5159	9BE7	帷
5160	9BE8	幄
5161	9BE9	幃
5162	9BEA	幀
5163	9BEB	幎
5164	9BEC	幗
5165	9BED	幔
5166	9BEE	幟
5167	9BEF	幢
5168	9BF0	幤
5169	9BF1	幇
5170	9BF2	幵
5171	9BF3	并
5172	9BF4	幺
5173	9BF5	麼
5174	9BF6	广
5175	9BF7	庠
5176	9BF8	廁
5177	9BF9	廂
5178	9BFA	廈
5179	9BFB	廐
5180	9BFC	廏
5184	9C40	廖
5185	9C41	廣
5186	9C42	廝
5187	9C43	廚
5188	9C44	廛
5189	9C45	廢
5190	9C46	廡
5191	9C47	廨
5192	9C48	廩
5193	9C49	廬
5194	9C4A	廱
5195	9C4B	廳
5196	9C4C	廰
5197	9C4D	廴
5198	9C4E	廸
5199	9C4F	廾
5200	9C50	弃
5201	9C51	弉
5202	9C52	彝
5203	9C53	彜
5204	9C54	弋
5205	9C55	弑
5206	9C56	弖
5207	9C57	弩
5208	9C58	弭
5209	9C59	弸
5210	9C5A	彁
5211	9C5B	彈
5212	9C5C	彌
5213	9C5D	彎
5214	9C5E	弯
5215	9C5F	彑
5216	9C60	彖
5217	9C61	彗
5218	9C62	彙
5219	9C63	彡
5220	9C64	彭
5221	9C65	彳
5222	9C66	彷
5223	9C67	徃
5224	9C68	徂
5225	9C69	彿
5226	9C6A	徊
5227	9C6B	很
5228	9C6C	徑
5229	9C6D	徇
5230	9C6E	從
5231	9C6F	徙
5232	9C70	徘
5233	9C71	徠
5234	9C72	徨
5235	9C73	徭
5236	9C74	徼
5237	9C75	忖
5238	9C76	忻
5239	9C77	忤
5240	9C78	忸
5241	9C79	忱
5242	9C7A	忝
5243	9C7B	悳
5244	9C7C	忿
5245	9C7D	怡
5246	9C7E	恠
5248	9C80	怙
5249	9C81	怐
5250	9C82	怩
5251	9C83	怎
5252	9C84	怱
5253	9C85	怛
5254	9C86	怕
5255	9C87	怫
5256	9C88	怦
5257	9C89	怏
5258	9C8A	怺
5259	9C8B	恚
5260	9C8C	恁
5261	9C8D	恪
5262	9C8E	恷
5263	9C8F	恟
5264	9C90	恊
5265	9C91	恆
5266	9C92	恍
5267	9C93	恣
5268	9C94	恃
5269	9C95	恤
5270	9C96	恂
5271	9C97	恬
5272	9C98	恫
5273	9C99	恙
5274	9C9A	悁
5275	9C9B	悍
5276	9C9C	惧
5277	9C9D	悃
5278	9C9E	悚
5279	9C9F	悄
5280	9CA0	悛
5281	9CA1	悖
5282	9CA2	悗
5283	9CA3	悒
5284	9CA4	悧
5285	9CA5	悋
5286	9CA6	惡
5287	9CA7	悸
5288	9CA8	惠
5289	9CA9	惓
5290	9CAA	悴
5291	9CAB	忰
5292	9CAC	悽
5293	9CAD	惆
5294	9CAE	悵
5295	9CAF	惘
5296	9CB0	慍
5297	9CB1	愕
5298	9CB2	愆
5299	9CB3	惶
5300	9CB4	惷
5301	9CB5	愀
5302	9CB6	惴
5303	9CB7	惺
5304	9CB8	愃
5305	9CB9	愡
5306	9CBA	惻
5307	9CBB	惱
5308	9CBC	愍
5309	9CBD	愎
5310	9CBE	慇
5311	9CBF	愾
5312	9CC0	愨
5313	9CC1	愧
5314	9CC2	慊
5315	9CC3	愿
5316	9CC4	愼
5317	9CC5	愬
5318	9CC6	愴
5319	9CC7	愽
5320	9CC8	慂
5321	9CC9	慄
5322	9CCA	慳
5323	9CCB	慷
5324	9CCC	慘
5325	9CCD	慙
5326	9CCE	慚
5327	9CCF	慫
5328	9CD0	慴
5329	9CD1	慯
5330	9CD2	慥
5331	9CD3	慱
5332	9CD4	慟
5333	9CD5	慝
5334	9CD6	慓
5335	9CD7	慵
5336	9CD8	憙
5337	9CD9	憖
5338	9CDA	憇
5339	9CDB	憬
5340	9CDC	憔
5341	9CDD	憚
5342	9CDE	憊
5343	9CDF	憑
5344	9CE0	憫
5345	9CE1	憮
5346	9CE2	懌
5347	9CE3	懊
5348	9CE4	應
5349	9CE5	懷
5350	9CE6	懈
5351	9CE7	懃
5352	9CE8	懆
5353	9CE9	憺
5354	9CEA	懋
5355	9CEB	罹
5356	9CEC	懍
5357	9CED	懦
5358	9CEE	懣
5359	9CEF	懶
5360	9CF0	懺
5361	9CF1	懴
5362	9CF2	懿
5363	9CF3	懽
5364	9CF4	懼
5365	9CF5	懾
5366	9CF6	戀
5367	9CF7	戈
5368	9CF8	戉
5369	9CF9	戍
5370	9CFA	戌
5371	9CFB	戔
5372	9CFC	戛
5376	9D40	戞
5377	9D41	戡
5378	9D42	截
5379	9D43	戮
5380	9D44	戰
5381	9D45	戲
5382	9D46	戳
5383	9D47	扁
5384	9D48	扎
5385	9D49	扞
5386	9D4A	扣
5387	9D4B	扛
5388	9D4C	扠
5389	9D4D	扨
5390	9D4E	扼
5391	9D4F	抂
5392	9D50	抉
5393	9D51	找
5394	9D52	抒
5395	9D53	抓
5396	9D54	抖
5397	9D55	拔
5398	9D56	抃
5399	9D57	抔
5400	9D58	拗
5401	9D59	拑
5402	9D5A	抻
5403	9D5B	拏
5404	9D5C	拿
5405	9D5D	拆
5406	9D5E	擔
5407	9D5F	拈
5408	9D60	拜
5409	9D61	拌
5410	9D62	拊
5411	9D63	拂
5412	9D64	拇
5413	9D65	抛
5414	9D66	拉
5415	9D67	挌
5416	9D68	拮
5417	9D69	拱
5418	9D6A	挧
5419	9D6B	挂
5420	9D6C	挈
5421	9D6D	拯
5422	9D6E	拵
5423	9D6F	捐
5424	9D70	挾
5425	9D71	捍
5426	9D72	搜
5427	9D73	捏
5428	9D74	掖
5429	9D75	掎
5430	9D76	掀
5431	9D77	掫
5432	9D78	捶
5433	9D79	掣
5434	9D7A	掏
5435	9D7B	掉
5436	9D7C	掟
5437	9D7D	掵
5438	9D7E	捫
5440	9D80	捩
5441	9D81	掾
5442	9D82	揩
5443	9D83	揀
5444	9D84	揆
5445	9D85	揣
5446	9D86	揉
5447	9D87	插
5448	9D88	揶
5449	9D89	揄
5450	9D8A	搖
5451	9D8B	搴
5452	9D8C	搆
5453	9D8D	搓
5454	9D8E	搦
5455	9D8F	搶
5456	9D90	攝
5457	9D91	搗
5458	9D92	搨
5459	9D93	搏
5460	9D94	摧
5461	9D95	摯
5462	9D96	摶
5463	9D97	摎
5464	9D98	攪
5465	9D99	撕
5466	9D9A	撓
5467	9D9B	撥
5468	9D9C	撩
5469	9D9D	撈
5470	9D9E	撼
5471	9D9F	據
5472	9DA0	擒
5473	9DA1	擅
5474	9DA2	擇
5475	9DA3	撻
5476	9DA4	擘
5477	9DA5	擂
5478	9DA6	擱
5479	9DA7	擧
5480	9DA8	舉
5481	9DA9	擠
5482	9DAA	擡
5483	9DAB	抬
5484	9DAC	擣
5485	9DAD	擯
5486	9DAE	攬
5487	9DAF	擶
5488	9DB0	擴
5489	9DB1	擲
5490	9DB2	擺
5491	9DB3	攀
5492	9DB4	擽
5493	9DB5	攘
5494	9DB6	攜
5495	9DB7	攅
5496	9DB8	攤
5497	9DB9	攣
5498	9DBA	攫
5499	9DBB	攴
5500	9DBC	攵
5501	9DBD	攷
5502	9DBE	收
5503	9DBF	攸
5504	9DC0	畋
5505	9DC1	效
5506	9DC2	敖
5507	9DC3	敕
5508	9DC4	敍
5509	9DC5	敘
5510	9DC6	敞
5511	9DC7	敝
5512	9DC8	敲
5513	9DC9	數
5514	9DCA	斂
5515	9DCB	斃
5516	9DCC	變
5517	9DCD	斛
5518	9DCE	斟
5519	9DCF	斫
5520	9DD0	斷
5521	9DD1	旃
5522	9DD2	旆
5523	9DD3	旁
5524	9DD4	旄
5525	9DD5	旌
5526	9DD6	旒
5527	9DD7	旛
5528	9DD8	旙
5529	9DD9	无
5530	9DDA	旡
5531	9DDB	旱
5532	9DDC	杲
5533	9DDD	昊
5534	9DDE	昃
5535	9DDF	旻
5536	9DE0	杳
5537	9DE1	昵
5538	9DE2	昶
5539	9DE3	昴
5540	9DE4	昜
5541	9DE5	晏
5542	9DE6	晄
5543	9DE7	晉
5544	9DE8	晁
5545	9DE9	晞
5546	9DEA	晝
5547	9DEB	晤
5548	9DEC	晧
5549	9DED	晨
5550	9DEE	晟
5551	9DEF	晢
5552	9DF0	晰
5553	9DF1	暃
5554	9DF2	暈
5555	9DF3	暎
5556	9DF4	暉
5557	9DF5	暄
5558	9DF6	暘
5559	9DF7	暝
5560	9DF8	曁
5561	9DF9	暹
5562	9DFA	曉
5563	9DFB	暾
5564	9DFC	暼
5568	9E40	曄
5569	9E41	暸
5570	9E42	曖
5571	9E43	曚
5572	9E44	曠
5573	9E45	昿
5574	9E46	曦
5575	9E47	曩
5576	9E48	曰
5577	9E49	曵
5578	9E4A	曷
5579	9E4B	朏
5580	9E4C	朖
5581	9E4D	朞
5582	9E4E	朦
5583	9E4F	朧
5584	9E50	霸
5585	9E51	朮
5586	9E52	朿
5587	9E53	朶
5588	9E54	杁
5589	9E55	朸
5590	9E56	朷
5591	9E57	杆
5592	9E58	杞
5593	9E59	杠
5594	9E5A	杙
5595	9E5B	杣
5596	9E5C	杤
5597	9E5D	枉
5598	9E5E	杰
5599	9E5F	枩
5600	9E60	杼
5601	9E61	杪
5602	9E62	枌
5603	9E63	枋
5604	9E64	枦
5605	9E65	枡
5606	9E66	枅
5607	9E67	枷
5608	9E68	柯
5609	9E69	枴
5610	9E6A	柬
5611	9E6B	枳
5612	9E6C	柩
5613	9E6D	枸
5614	9E6E	柤
5615	9E6F	柞
5616	9E70	柝
5617	9E71	柢
5618	9E72	柮
5619	9E73	枹
5620	9E74	柎
5621	9E75	柆
5622	9E76	柧
5623	9E77	檜
5624	9E78	栞
5625	9E79	框
5626	9E7A	栩
5627	9E7B	桀
5628	9E7C	桍
5629	9E7D	栲
5630	9E7E	桎
5632	9E80	梳
5633	9E81	栫
5634	9E82	桙
5635	9E83	档
5636	9E84	桷
5637	9E85	桿
5638	9E86	梟
5639	9E87	梏
5640	9E88	梭
5641	9E89	梔
5642	9E8A	條
5643	9E8B	梛
5644	9E8C	梃
5645	9E8D	檮
5646	9E8E	梹
5647	9E8F	桴
5648	9E90	梵
5649	9E91	梠
5650	9E92	梺
5651	9E93	椏
5652	9E94	梍
5653	9E95	桾
5654	9E96	椁
5655	9E97	棊
5656	9E98	椈
5657	9E99	棘
5658	9E9A	椢
5659	9E9B	椦
5660	9E9C	棡
5661	9E9D	椌
5662	9E9E	棍
5663	9E9F	棔
5664	9EA0	棧
5665	9EA1	棕
5666	9EA2	椶
5667	9EA3	椒
5668	9EA4	椄
5669	9EA5	棗
5670	9EA6	棣
5671	9EA7	椥
5672	9EA8	棹
5673	9EA9	棠
5674	9EAA	棯
5675	9EAB	椨
5676	9EAC	椪
5677	9EAD	椚
5678	9EAE	椣
5679	9EAF	椡
5680	9EB0	棆
5681	9EB1	楹
5682	9EB2	楷
5683	9EB3	楜
5684	9EB4	楸
5685	9EB5	楫
5686	9EB6	楔
5687	9EB7	楾
5688	9EB8	楮
5689	9EB9	椹
5690	9EBA	楴
5691	9EBB	椽
5692	9EBC	楙
5693	9EBD	椰
5694	9EBE	楡
5695	9EBF	楞
5696	9EC0	楝
5697	9EC1	榁
5698	9EC2	楪
5699	9EC3	榲
5700	9EC4	榮
5701	9EC5	槐
5702	9EC6	榿
5703	9EC7	槁
5704	9EC8	槓
5705	9EC9	榾
5706	9ECA	槎
5707	9ECB	寨
5708	9ECC	槊
5709	9ECD	槝
5710	9ECE	榻
5711	9ECF	槃
5712	9ED0	榧
5713	9ED1	樮
5714	9ED2	榑
5715	9ED3	榠
5716	9ED4	榜
5717	9ED5	榕
5718	9ED6	榴
5719	9ED7	槞
5720	9ED8	槨
5721	9ED9	樂
5722	9EDA	樛
5723	9EDB	槿
5724	9EDC	權
5725	9EDD	槹
5726	9EDE	槲
5727	9EDF	槧
5728	9EE0	樅
5729	9EE1	榱
5730	9EE2	樞
5731	9EE3	槭
5732	9EE4	樔
5733	9EE5	槫
5734	9EE6	樊
5735	9EE7	樒
5736	9EE8	櫁
5737	9EE9	樣
5738	9EEA	樓
5739	9EEB	橄
5740	9EEC	樌
5741	9EED	橲
5742	9EEE	樶
5743	9EEF	橸
5744	9EF0	橇
5745	9EF1	橢
5746	9EF2	橙
5747	9EF3	橦
5748	9EF4	橈
5749	9EF5	樸
5750	9EF6	樢
5751	9EF7	檐
5752	9EF8	檍
5753	9EF9	檠
5754	9EFA	檄
5755	9EFB	檢
5756	9EFC	檣
5760	9F40	檗
5761	9F41	蘗
5762	9F42	檻
5763	9F43	櫃
5764	9F44	櫂
5765	9F45	檸
5766	9F46	檳
5767	9F47	檬
5768	9F48	櫞
5769	9F49	櫑
5770	9F4A	櫟
5771	9F4B	檪
5772	9F4C	櫚
5773	9F4D	櫪
5774	9F4E	櫻
5775	9F4F	欅
5776	9F50	蘖
5777	9F51	櫺
5778	9F52	欒
5779	9F53	欖
5780	9F54	鬱
5781	9F55	欟
5782	9F56	欸
5783	9F57	欷
5784	9F58	盜
5785	9F59	欹
5786	9F5A	飮
5787	9F5B	歇
5788	9F5C	歃
5789	9F5D	歉
5790	9F5E	歐
5791	9F5F	歙
5792	9F60	歔
5793	9F61	歛
5794	9F62	歟
5795	9F63	歡
5796	9F64	歸
5797	9F65	歹
5798	9F66	歿
5799	9F67	殀
5800	9F68	殄
5801	9F69	殃
5802	9F6A	殍
5803	9F6B	殘
5804	9F6C	殕
5805	9F6D	殞
5806	9F6E	殤
5807	9F6F	殪
5808	9F70	殫
5809	9F71	殯
5810	9F72	殲
5811	9F73	殱
5812	9F74	殳
5813	9F75	殷
5814	9F76	殼
5815	9F77	毆
5816	9F78	毋
5817	9F79	毓
5818	9F7A	毟
5819	9F7B	毬
5820	9F7C	毫
5821	9F7D	毳
5822	9F7E	毯
5824	9F80	麾
5825	9F81	氈
5826	9F82	氓
5827	9F83	气
5828	9F84	氛
5829	9F85	氤
5830	9F86	氣
5831	9F87	汞
5832	9F88	汕
5833	9F89	汢
5834	9F8A	汪
5835	9F8B	沂
5836	9F8C	沍
5837	9F8D	沚
5838	9F8E	沁
5839	9F8F	沛
5840	9F90	汾
5841	9F91	汨
5842	9F92	汳
5843	9F93	沒
5844	9F94	沐
5845	9F95	泄
5846	9F96	泱
5847	9F97	泓
5848	9F98	沽
5849	9F99	泗
5850	9F9A	泅
5851	9F9B	泝
5852	9F9C	沮
5853	9F9D	沱
5854	9F9E	沾
5855	9F9F	沺
5856	9FA0	泛
5857	9FA1	泯
5858	9FA2	泙
5859	9FA3	泪
5860	9FA4	洟
5861	9FA5	衍
5862	9FA6	洶
5863	9FA7	洫
5864	9FA8	洽
5865	9FA9	洸
5866	9FAA	洙
5867	9FAB	洵
5868	9FAC	洳
5869	9FAD	洒
5870	9FAE	洌
5871	9FAF	浣
5872	9FB0	涓
5873	9FB1	浤
5874	9FB2	浚
5875	9FB3	浹
5876	9FB4	浙
5877	9FB5	涎
5878	9FB6	涕
5879	9FB7	濤
5880	9FB8	涅
5881	9FB9	淹
5882	9FBA	渕
5883	9FBB	渊
5884	9FBC	涵
5885	9FBD	淇
5886	9FBE	淦
5887	9FBF	涸
5888	9FC0	淆
5889	9FC1	淬
5890	9FC2	淞
5891	9FC3	淌
5892	9FC4	淨
5893	9FC5	淒
5894	9FC6	淅
5895	9FC7	淺
5896	9FC8	淙
5897	9FC9	淤
5898	9FCA	淕
5899	9FCB	淪
5900	9FCC	淮
5901	9FCD	渭
5902	9FCE	湮
5903	9FCF	渮
5904	9FD0	渙
5905	9FD1	湲
5906	9FD2	湟
5907	9FD3	渾
5908	9FD4	渣
5909	9FD5	湫
5910	9FD6	渫
5911	9FD7	湶
5912	9FD8	湍
5913	9FD9	渟
5914	9FDA	湃
5915	9FDB	渺
5916	9FDC	湎
5917	9FDD	渤
5918	9FDE	滿
5919	9FDF	渝
5920	9FE0	游
5921	9FE1	溂
5922	9FE2	溪
5923	9FE3	溘
5924	9FE4	滉
5925	9FE5	溷
5926	9FE6	滓
5927	9FE7	溽
5928	9FE8	溯
5929	9FE9	滄
5930	9FEA	溲
5931	9FEB	滔
5932	9FEC	滕
5933	9FED	溏
5934	9FEE	溥
5935	9FEF	滂
5936	9FF0	溟
5937	9FF1	潁
5938	9FF2	漑
5939	9FF3	灌
5940	9FF4	滬
5941	9FF5	滸
5942	9FF6	滾
5943	9FF7	漿
5944	9FF8	滲
5945	9FF9	漱
5946	9FFA	滯
5947	9FFB	漲
5948	9FFC	滌
5952	E040	漾
5953	E041	漓
5954	E042	滷
5955	E043	澆
5956	E044	潺
5957	E045	潸
5958	E046	澁
5959	E047	澀
5960	E048	潯
5961	E049	潛
5962	E04A	濳
5963	E04B	潭
5964	E04C	澂
5965	E04D	潼
5966	E04E	潘
5967	E04F	澎
5968	E050	澑
5969	E051	濂
5970	E052	潦
5971	E053	澳
5972	E054	澣
5973	E055	澡
5974	E056	澤
5975	E057	澹
5976	E058	濆
5977	E059	澪
5978	E05A	濟
5979	E05B	濕
5980	E05C	濬
5981	E05D	濔
5982	E05E	濘
5983	E05F	濱
5984	E060	濮
5985	E061	濛
5986	E062	瀉
5987	E063	瀋
5988	E064	濺
5989	E065	瀑
5990	E066	瀁
5991	E067	瀏
5992	E068	濾
5993	E069	瀛
5994	E06A	瀚
5995	E06B	潴
5996	E06C	瀝
5997	E06D	瀘
5998	E06E	瀟
5999	E06F	瀰
6000	E070	瀾
6001	E071	瀲
6002	E072	灑
6003	E073	灣
6004	E074	炙
6005	E075	炒
6006	E076	炯
6007	E077	烱
6008	E078	炬
6009	E079	炸
6010	E07A	炳
6011	E07B	炮
6012	E07C	烟
6013	E07D	烋
6014	E07E	烝
6016	E080	烙
6017	E081	焉
6018	E082	烽
6019	E083	焜
6020	E084	焙
6021	E085	煥
6022	E086	煕
6023	E087	熈
6024	E088	煦
6025	E089	煢
6026	E08A	煌
6027	E08B	煖
6028	E08C	煬
6029	E08D	熏
6030	E08E	燻
6031	E08F	熄
6032	E090	熕
6033	E091	熨
6034	E092	熬
6035	E093	燗
6036	E094	熹
6037	E095	熾
6038	E096	燒
6039	E097	燉
6040	E098	燔
6041	E099	燎
6042	E09A	燠
6043	E09B	燬
6044	E09C	燧
6045	E09D	燵
6046	E09E	燼
6047	E09F	燹
6048	E0A0	燿
6049	E0A1	爍
6050	E0A2	爐
6051	E0A3	爛
6052	E0A4	爨
6053	E0A5	爭
6054	E0A6	爬
6055	E0A7	爰
6056	E0A8	爲
6057	E0A9	爻
6058	E0AA	爼
6059	E0AB	爿
6060	E0AC	牀
6061	E0AD	牆
6062	E0AE	牋
6063	E0AF	牘
6064	E0B0	牴
6065	E0B1	牾
6066	E0B2	犂
6067	E0B3	犁
6068	E0B4	犇
6069	E0B5	犒
6070	E0B6	犖
6071	E0B7	犢
6072	E0B8	犧
6073	E0B9	犹
6074	E0BA	犲
6075	E0BB	狃
6076	E0BC	狆
6077	E0BD	狄
6078	E0BE	狎
6079	E0BF	狒
6080	E0C0	狢
6081	E0C1	狠
6082	E0C2	狡
6083	E0C3	狹
6084	E0C4	狷
6085	E0C5	倏
6086	E0C6	猗
6087	E0C7	猊
6088	E0C8	猜
6089	E0C9	猖
6090	E0CA	猝
6091	E0CB	猴
6092	E0CC	猯
6093	E0CD	猩
6094	E0CE	猥
6095	E0CF	猾
6096	E0D0	獎
6097	E0D1	獏
6098	E0D2	默
6099	E0D3	獗
6100	E0D4	獪
6101	E0D5	獨
6102	E0D6	獰
6103	E0D7	獸
6104	E0D8	獵
6105	E0D9	獻
6106	E0DA	獺
6107	E0DB	珈
6108	E0DC	玳
6109	E0DD	珎
6110	E0DE	玻
6111	E0DF	珀
6112	E0E0	珥
6113	E0E1	珮
6114	E0E2	珞
6115	E0E3	璢
6116	E0E4	琅
6117	E0E5	瑯
6118	E0E6	琥
6119	E0E7	珸
6120	E0E8	琲
6121	E0E9	琺
6122	E0EA	瑕
6123	E0EB	琿
6124	E0EC	瑟
6125	E0ED	瑙
6126	E0EE	瑁
6127	E0EF	瑜
6128	E0F0	瑩
6129	E0F1	瑰
6130	E0F2	瑣
6131	E0F3	瑪
6132	E0F4	瑶
6133	E0F5	瑾
6134	E0F6	璋
6135	E0F7	璞
6136	E0F8	璧
6137	E0F9	瓊
6138	E0FA	瓏
6139	E0FB	瓔
6140	E0FC	珱
6144	E140	瓠
6145	E141	瓣
6146	E142	瓧
6147	E143	瓩
6148	E144	瓮
6149	E145	瓲
6150	E146	瓰
6151	E147	瓱
6152	E148	瓸
6153	E149	瓷
6154	E14A	甄
6155	E14B	甃
6156	E14C	甅
6157	E14D	甌
6158	E14E	甎
6159	E14F	甍
6160	E150	甕
6161	E151	甓
6162	E152	甞
6163	E153	甦
6164	E154	甬
6165	E155	甼
6166	E156	畄
6167	E157	畍
6168	E158	畊
6169	E159	畉
6170	E15A	畛
6171	E15B	畆
6172	E15C	畚
6173	E15D	畩
6174	E15E	畤
6175	E15F	畧
6176	E160	畫
6177	E161	畭
6178	E162	畸
6179	E163	當
6180	E164	疆
6181	E165	疇
6182	E166	畴
6183	E167	疊
6184	E168	疉
6185	E169	疂
6186	E16A	疔
6187	E16B	疚
6188	E16C	疝
6189	E16D	疥
6190	E16E	疣
6191	E16F	痂
6192	E170	疳
6193	E171	痃
6194	E172	疵
6195	E173	疽
6196	E174	疸
6197	E175	疼
6198	E176	疱
6199	E177	痍
6200	E178	痊
6201	E179	痒
6202	E17A	痙
6203	E17B	痣
6204	E17C	痞
6205	E17D	痾
6206	E17E	痿
6208	E180	痼
6209	E181	瘁
6210	E182	痰
6211	E183	痺
6212	E184	痲
6213	E185	痳
6214	E186	瘋
6215	E187	瘍
6216	E188	瘉
6217	E189	瘟
6218	E18A	瘧
6219	E18B	瘠
6220	E18C	瘡
6221	E18D	瘢
6222	E18E	瘤
6223	E18F	瘴
6224	E190	瘰
6225	E191	瘻
6226	E192	癇
6227	E193	癈
6228	E194	癆
6229	E195	癜
6230	E196	癘
6231	E197	癡
6232	E198	癢
6233	E199	癨
6234	E19A	癩
6235	E19B	癪
6236	E19C	癧
6237	E19D	癬
6238	E19E	癰
6239	E19F	癲
6240	E1A0	癶
6241	E1A1	癸
6242	E1A2	發
6243	E1A3	皀
6244	E1A4	皃
6245	E1A5	皈
6246	E1A6	皋
6247	E1A7	皎
6248	E1A8	皖
6249	E1A9	皓
6250	E1AA	皙
6251	E1AB	皚
6252	E1AC	皰
6253	E1AD	皴
6254	E1AE	皸
6255	E1AF	皹
6256	E1B0	皺
6257	E1B1	盂
6258	E1B2	盍
6259	E1B3	盖
6260	E1B4	盒
6261	E1B5	盞
6262	E1B6	盡
6263	E1B7	盥
6264	E1B8	盧
6265	E1B9	盪
6266	E1BA	蘯
6267	E1BB	盻
6268	E1BC	眈
6269	E1BD	眇
6270	E1BE	眄
6271	E1BF	眩
6272	E1C0	眤
6273	E1C1	眞
6274	E1C2	眥
6275	E1C3	眦
6276	E1C4	眛
6277	E1C5	眷
6278	E1C6	眸
6279	E1C7	睇
6280	E1C8	睚
6281	E1C9	睨
6282	E1CA	睫
6283	E1CB	睛
6284	E1CC	睥
6285	E1CD	睿
6286	E1CE	睾
6287	E1CF	睹
6288	E1D0	瞎
6289	E1D1	瞋
6290	E1D2	瞑
6291	E1D3	瞠
6292	E1D4	瞞
6293	E1D5	瞰
6294	E1D6	瞶
6295	E1D7	瞹
6296	E1D8	瞿
6297	E1D9	瞼
6298	E1DA	瞽
6299	E1DB	瞻
6300	E1DC	矇
6301	E1DD	矍
6302	E1DE	矗
6303	E1DF	矚
6304	E1E0	矜
6305	E1E1	矣
6306	E1E2	矮
6307	E1E3	矼
6308	E1E4	砌
6309	E1E5	砒
6310	E1E6	礦
6311	E1E7	砠
6312	E1E8	礪
6313	E1E9	硅
6314	E1EA	碎
6315	E1EB	硴
6316	E1EC	碆
6317	E1ED	硼
6318	E1EE	碚
6319	E1EF	碌
6320	E1F0	碣
6321	E1F1	碵
6322	E1F2	碪
6323	E1F3	碯
6324	E1F4	磑
6325	E1F5	磆
6326	E1F6	磋
6327	E1F7	磔
6328	E1F8	碾
6329	E1F9	碼
6330	E1FA	磅
6331	E1FB	磊
6332	E1FC	磬
6336	E240	磧
6337	E241	磚
6338	E242	磽
6339	E243	磴
6340	E244	礇
6341	E245	礒
6342	E246	礑
6343	E247	礙
6344	E248	礬
6345	E249	礫
6346	E24A	祀
6347	E24B	祠
6348	E24C	祗
6349	E24D	祟
6350	E24E	祚
6351	E24F	祕
6352	E250	祓
6353	E251	祺
6354	E252	祿
6355	E253	禊
6356	E254	禝
6357	E255	禧
6358	E256	齋
6359	E257	禪
6360	E258	禮
6361	E259	禳
6362	E25A	禹
6363	E25B	禺
6364	E25C	秉
6365	E25D	秕
6366	E25E	秧
6367	E25F	秬
6368	E260	秡
6369	E261	秣
6370	E262	稈
6371	E263	稍
6372	E264	稘
6373	E265	稙
6374	E266	稠
6375	E267	稟
6376	E268	禀
6377	E269	稱
6378	E26A	稻
6379	E26B	稾
6380	E26C	稷
6381	E26D	穃
6382	E26E	穗
6383	E26F	穉
6384	E270	穡
6385	E271	穢
6386	E272	穩
6387	E273	龝
6388	E274	穰
6389	E275	穹
6390	E276	穽
6391	E277	窈
6392	E278	窗
6393	E279	窕
6394	E27A	窘
6395	E27B	窖
6396	E27C	窩
6397	E27D	竈
6398	E27E	窰
6400	E280	窶
6401	E281	竅
6402	E282	竄
6403	E283	窿
6404	E284	邃
6405	E285	竇
6406	E286	竊
6407	E287	竍
6408	E288	竏
6409	E289	竕
6410	E28A	竓
6411	E28B	站
6412	E28C	竚
6413	E28D	竝
6414	E28E	竡
6415	E28F	竢
6416	E290	竦
6417	E291	竭
6418	E292	竰
6419	E293	笂
6420	E294	笏
6421	E295	笊
6422	E296	笆
6423	E297	笳
6424	E298	笘
6425	E299	笙
6426	E29A	笞
6427	E29B	笵
6428	E29C	笨
6429	E29D	笶
6430	E29E	筐
6431	E29F	筺
6432	E2A0	笄
6433	E2A1	筍
6434	E2A2	笋
6435	E2A3	筌
6436	E2A4	筅
6437	E2A5	筵
6438	E2A6	筥
6439	E2A7	筴
6440	E2A8	筧
6441	E2A9	筰
6442	E2AA	筱
6443	E2AB	筬
6444	E2AC	筮
6445	E2AD	箝
6446	E2AE	箘
6447	E2AF	箟
6448	E2B0	箍
6449	E2B1	箜
6450	E2B2	箚
6451	E2B3	箋
6452	E2B4	箒
6453	E2B5	箏
6454	E2B6	筝
6455	E2B7	箙
6456	E2B8	篋
6457	E2B9	篁
6458	E2BA	篌
6459	E2BB	篏
6460	E2BC	箴
6461	E2BD	篆
6462	E2BE	篝
6463	E2BF	篩
6464	E2C0	簑
6465	E2C1	簔
6466	E2C2	篦
6467	E2C3	篥
6468	E2C4	籠
6469	E2C5	簀
6470	E2C6	簇
6471	E2C7	簓
6472	E2C8	篳
6473	E2C9	篷
6474	E2CA	簗
6475	E2CB	簍
6476	E2CC	篶
6477	E2CD	簣
6478	E2CE	簧
6479	E2CF	簪
6480	E2D0	簟
6481	E2D1	簷
6482	E2D2	簫
6483	E2D3	簽
6484	E2D4	籌
6485	E2D5	籃
6486	E2D6	籔
6487	E2D7	籏
6488	E2D8	籀
6489	E2D9	籐
6490	E2DA	籘
6491	E2DB	籟
6492	E2DC	籤
6493	E2DD	籖
6494	E2DE	籥
6495	E2DF	籬
6496	E2E0	籵
6497	E2E1	粃
6498	E2E2	粐
6499	E2E3	粤
6500	E2E4	粭
6501	E2E5	粢
6502	E2E6	粫
6503	E2E7	粡
6504	E2E8	粨
6505	E2E9	粳
6506	E2EA	粲
6507	E2EB	粱
6508	E2EC	粮
6509	E2ED	粹
6510	E2EE	粽
6511	E2EF	糀
6512	E2F0	糅
6513	E2F1	糂
6514	E2F2	糘
6515	E2F3	糒
6516	E2F4	糜
6517	E2F5	糢
6518	E2F6	鬻
6519	E2F7	糯
6520	E2F8	糲
6521	E2F9	糴
6522	E2FA	糶
6523	E2FB	糺
6524	E2FC	紆
6528	E340	紂
6529	E341	紜
6530	E342	紕
6531	E343	紊
6532	E344	絅
6533	E345	絋
6534	E346	紮
6535	E347	紲
6536	E348	紿
6537	E349	紵
6538	E34A	絆
6539	E34B	絳
6540	E34C	絖
6541	E34D	絎
6542	E34E	絲
6543	E34F	絨
6544	E350	絮
6545	E351	絏
6546	E352	絣
6547	E353	經
6548	E354	綉
6549	E355	絛
6550	E356	綏
6551	E357	絽
6552	E358	綛
6553	E359	綺
6554	E35A	綮
6555	E35B	綣
6556	E35C	綵
6557	E35D	緇
6558	E35E	綽
6559	E35F	綫
6560	E360	總
6561	E361	綢
6562	E362	綯
6563	E363	緜
6564	E364	綸
6565	E365	綟
6566	E366	綰
6567	E367	緘
6568	E368	緝
6569	E369	緤
6570	E36A	緞
6571	E36B	緻
6572	E36C	緲
6573	E36D	緡
6574	E36E	縅
6575	E36F	縊
6576	E370	縣
6577	E371	縡
6578	E372	縒
6579	E373	縱
6580	E374	縟
6581	E375	縉
6582	E376	縋
6583	E377	縢
6584	E378	繆
6585	E379	繦
6586	E37A	縻
6587	E37B	縵
6588	E37C	縹
6589	E37D	繃
6590	E37E	縷
6592	E380	縲
6593	E381	縺
6594	E382	繧
6595	E383	繝
6596	E384	繖
6597	E385	繞
6598	E386	繙
6599	E387	繚
6600	E388	繹
6601	E389	繪
6602	E38A	繩
6603	E38B	繼
6604	E38C	繻
6605	E38D	纃
6606	E38E	緕
6607	E38F	繽
6608	E390	辮
6609	E391	繿
6610	E392	纈
6611	E393	纉
6612	E394	續
6613	E395	纒
6614	E396	纐
6615	E397	纓
6616	E398	纔
6617	E399	纖
6618	E39A	纎
6619	E39B	纛
6620	E39C	纜
6621	E39D	缸
6622	E39E	缺
6623	E39F	罅
6624	E3A0	罌
6625	E3A1	罍
6626	E3A2	罎
6627	E3A3	罐
6628	E3A4	网
6629	E3A5	罕
6630	E3A6	罔
6631	E3A7	罘
6632	E3A8	罟
6633	E3A9	罠
6634	E3AA	罨
6635	E3AB	罩
6636	E3AC	罧
6637	E3AD	罸
6638	E3AE	羂
6639	E3AF	羆
6640	E3B0	羃
6641	E3B1	羈
6642	E3B2	羇
6643	E3B3	羌
6644	E3B4	羔
6645	E3B5	羞
6646	E3B6	羝
6647	E3B7	羚
6648	E3B8	羣
6649	E3B9	羯
6650	E3BA	羲
6651	E3BB	羹
6652	E3BC	羮
6653	E3BD	羶
6654	E3BE	羸
6655	E3BF	譱
6656	E3C0	翅
6657	E3C1	翆
6658	E3C2	翊
6659	E3C3	翕
6660	E3C4	翔
6661	E3C5	翡
6662	E3C6	翦
6663	E3C7	翩
6664	E3C8	翳
6665	E3C9	翹
6666	E3CA	飜
6667	E3CB	耆
6668	E3CC	耄
6669	E3CD	耋
6670	E3CE	耒
6671	E3CF	耘
6672	E3D0	耙
6673	E3D1	耜
6674	E3D2	耡
6675	E3D3	耨
6676	E3D4	耿
6677	E3D5	耻
6678	E3D6	聊
6679	E3D7	聆
6680	E3D8	聒
6681	E3D9	聘
6682	E3DA	聚
6683	E3DB	聟
6684	E3DC	聢
6685	E3DD	聨
6686	E3DE	聳
6687	E3DF	聲
6688	E3E0	聰
6689	E3E1	聶
6690	E3E2	聹
6691	E3E3	聽
6692	E3E4	聿
6693	E3E5	肄
6694	E3E6	肆
6695	E3E7	肅
6696	E3E8	肛
6697	E3E9	肓
6698	E3EA	肚
6699	E3EB	肭
6700	E3EC	冐
6701	E3ED	肬
6702	E3EE	胛
6703	E3EF	胥
6704	E3F0	胙
6705	E3F1	胝
6706	E3F2	胄
6707	E3F3	胚
6708	E3F4	胖
6709	E3F5	脉
6710	E3F6	胯
6711	E3F7	胱
6712	E3F8	脛
6713	E3F9	脩
6714	E3FA	脣
6715	E3FB	脯
6716	E3FC	腋
6720	E440	隋
6721	E441	腆
6722	E442	脾
6723	E443	腓
6724	E444	腑
6725	E445	胼
6726	E446	腱
6727	E447	腮
6728	E448	腥
6729	E449	腦
6730	E44A	腴
6731	E44B	膃
6732	E44C	膈
6733	E44D	膊
6734	E44E	膀
6735	E44F	膂
6736	E450	膠
6737	E451	膕
6738	E452	膤
6739	E453	膣
6740	E454	腟
6741	E455	膓
6742	E456	膩
6743	E457	膰
6744	E458	膵
6745	E459	膾
6746	E45A	膸
6747	E45B	膽
6748	E45C	臀
6749	E45D	臂
6750	E45E	膺
6751	E45F	臉
6752	E460	臍
6753	E461	臑
6754	E462	臙
6755	E463	臘
6756	E464	臈
6757	E465	臚
6758	E466	臟
6759	E467	臠
6760	E468	臧
6761	E469	臺
6762	E46A	臻
6763	E46B	臾
6764	E46C	舁
6765	E46D	舂
6766	E46E	舅
6767	E46F	與
6768	E470	舊
6769	E471	舍
6770	E472	舐
6771	E473	舖
6772	E474	舩
6773	E475	舫
6774	E476	舸
6775	E477	舳
6776	E478	艀
6777	E479	艙
6778	E47A	艘
6779	E47B	艝
6780	E47C	艚
6781	E47D	艟
6782	E47E	艤
6784	E480	艢
6785	E481	艨
6786	E482	艪
6787	E483	艫
6788	E484	舮
6789	E485	艱
6790	E486	艷
6791	E487	艸
6792	E488	艾
6793	E489	芍
6794	E48A	芒
6795	E48B	芫
6796	E48C	芟
6797	E48D	芻
6798	E48E	芬
6799	E48F	苡
6800	E490	苣
6801	E491	苟
6802	E492	苒
6803	E493	苴
6804	E494	苳
6805	E495	苺
6806	E496	莓
6807	E497	范
6808	E498	苻
6809	E499	苹
6810	E49A	苞
6811	E49B	茆
6812	E49C	苜
6813	E49D	茉
6814	E49E	苙
6815	E49F	茵
6816	E4A0	茴
6817	E4A1	茖
6818	E4A2	茲
6819	E4A3	茱
6820	E4A4	荀
6821	E4A5	茹
6822	E4A6	荐
6823	E4A7	荅
6824	E4A8	茯
6825	E4A9	茫
6826	E4AA	茗
6827	E4AB	茘
6828	E4AC	莅
6829	E4AD	莚
6830	E4AE	莪
6831	E4AF	莟
6832	E4B0	莢
6833	E4B1	莖
6834	E4B2	茣
6835	E4B3	莎
6836	E4B4	莇
6837	E4B5	莊
6838	E4B6	荼
6839	E4B7	莵
6840	E4B8	荳
6841	E4B9	荵
6842	E4BA	莠
6843	E4BB	莉
6844	E4BC	莨
6845	E4BD	菴
6846	E4BE	萓
6847	E4BF	菫
6848	E4C0	菎
6849	E4C1	菽
6850	E4C2	萃
6851	E4C3	菘
6852	E4C4	萋
6853	E4C5	菁
6854	E4C6	菷
6855	E4C7	萇
6856	E4C8	菠
6857	E4C9	菲
6858	E4CA	萍
6859	E4CB	萢
6860	E4CC	萠
6861	E4CD	莽
6862	E4CE	萸
6863	E4CF	蔆
6864	E4D0	菻
6865	E4D1	葭
6866	E4D2	萪
6867	E4D3	萼
6868	E4D4	蕚
6869	E4D5	蒄
6870	E4D6	葷
6871	E4D7	葫
6872	E4D8	蒭
6873	E4D9	葮
6874	E4DA	蒂
6875	E4DB	葩
6876	E4DC	葆
6877	E4DD	萬
6878	E4DE	葯
6879	E4DF	葹
6880	E4E0	萵
6881	E4E1	蓊
6882	E4E2	葢
6883	E4E3	蒹
6884	E4E4	蒿
6885	E4E5	蒟
6886	E4E6	蓙
6887	E4E7	蓍
6888	E4E8	蒻
6889	E4E9	蓚
6890	E4EA	蓐
6891	E4EB	蓁
6892	E4EC	蓆
6893	E4ED	蓖
6894	E4EE	蒡
6895	E4EF	蔡
6896	E4F0	蓿
6897	E4F1	蓴
6898	E4F2	蔗
6899	E4F3	蔘
6900	E4F4	蔬
6901	E4F5	蔟
6902	E4F6	蔕
6903	E4F7	蔔
6904	E4F8	蓼
6905	E4F9	蕀
6906	E4FA	蕣
6907	E4FB	蕘
6908	E4FC	蕈
6912	E540	蕁
6913	E541	蘂
6914	E542	蕋
6915	E543	蕕
6916	E544	薀
6917	E545	薤
6918	E546	薈
6919	E547	薑
6920	E548	薊
6921	E549	薨
6922	E54A	蕭
6923	E54B	薔
6924	E54C	薛
6925	E54D	藪
6926	E54E	薇
6927	E54F	薜
6928	E550	蕷
6929	E551	蕾
6930	E552	薐
6931	E553	藉
6932	E554	薺
6933	E555	藏
6934	E556	薹
6935	E557	藐
6936	E558	藕
6937	E559	藝
6938	E55A	藥
6939	E55B	藜
6940	E55C	藹
6941	E55D	蘊
6942	E55E	蘓
6943	E55F	蘋
6944	E560	藾
6945	E561	藺
6946	E562	蘆
6947	E563	蘢
6948	E564	蘚
6949	E565	蘰
6950	E566	蘿
6951	E567	虍
6952	E568	乕
6953	E569	虔
6954	E56A	號
6955	E56B	虧
6956	E56C	虱
6957	E56D	蚓
6958	E56E	蚣
6959	E56F	蚩
6960	E570	蚪
6961	E571	蚋
6962	E572	蚌
6963	E573	蚶
6964	E574	蚯
6965	E575	蛄
6966	E576	蛆
6967	E577	蚰
6968	E578	蛉
6969	E579	蠣
6970	E57A	蚫
6971	E57B	蛔
6972	E57C	蛞
6973	E57D	蛩
6974	E57E	蛬
6976	E580	蛟
6977	E581	蛛
6978	E582	蛯
6979	E583	蜒
6980	E584	蜆
6981	E585	蜈
6982	E586	蜀
6983	E587	蜃
6984	E588	蛻
6985	E589	蜑
6986	E58A	蜉
6987	E58B	蜍
6988	E58C	蛹
6989	E58D	蜊
6990	E58E	蜴
6991	E58F	蜿
6992	E590	蜷
6993	E591	蜻
6994	E592	蜥
6995	E593	蜩
6996	E594	蜚
6997	E595	蝠
6998	E596	蝟
6999	E597	蝸
7000	E598	蝌
7001	E599	蝎
7002	E59A	蝴
7003	E59B	蝗
7004	E59C	蝨
7005	E59D	蝮
7006	E59E	蝙
7007	E59F	蝓
7008	E5A0	蝣
7009	E5A1	蝪
7010	E5A2	蠅
7011	E5A3	螢
7012	E5A4	螟
7013	E5A5	螂
7014	E5A6	螯
7015	E5A7	蟋
7016	E5A8	螽
7017	E5A9	蟀
7018	E5AA	蟐
7019	E5AB	雖
7020	E5AC	螫
7021	E5AD	蟄
7022	E5AE	螳
7023	E5AF	蟇
7024	E5B0	蟆
7025	E5B1	螻
7026	E5B2	蟯
7027	E5B3	蟲
7028	E5B4	蟠
7029	E5B5	蠏
7030	E5B6	蠍
7031	E5B7	蟾
7032	E5B8	蟶
7033	E5B9	蟷
7034	E5BA	蠎
7035	E5BB	蟒
7036	E5BC	蠑
7037	E5BD	蠖
7038	E5BE	蠕
7039	E5BF	蠢
7040	E5C0	蠡
7041	E5C1	蠱
7042	E5C2	蠶
7043	E5C3	蠹
7044	E5C4	蠧
7045	E5C5	蠻
7046	E5C6	衄
7047	E5C7	衂
7048	E5C8	衒
7049	E5C9	衙
7050	E5CA	衞
7051	E5CB	衢
7052	E5CC	衫
7053	E5CD	袁
7054	E5CE	衾
7055	E5CF	袞
7056	E5D0	衵
7057	E5D1	衽
7058	E5D2	袵
7059	E5D3	衲
7060	E5D4	袂
7061	E5D5	袗
7062	E5D6	袒
7063	E5D7	袮
7064	E5D8	袙
7065	E5D9	袢
7066	E5DA	袍
7067	E5DB	袤
7068	E5DC	袰
7069	E5DD	袿
7070	E5DE	袱
7071	E5DF	裃
7072	E5E0	裄
7073	E5E1	裔
7074	E5E2	裘
7075	E5E3	裙
7076	E5E4	裝
7077	E5E5	裹
7078	E5E6	褂
7079	E5E7	裼
7080	E5E8	裴
7081	E5E9	裨
7082	E5EA	裲
7083	E5EB	褄
7084	E5EC	褌
7085	E5ED	褊
7086	E5EE	褓
7087	E5EF	襃
7088	E5F0	褞
7089	E5F1	褥
7090	E5F2	褪
7091	E5F3	褫
7092	E5F4	襁
7093	E5F5	襄
7094	E5F6	褻
7095	E5F7	褶
7096	E5F8	褸
7097	E5F9	襌
7098	E5FA	褝
7099	E5FB	襠
7100	E5FC	襞
7104	E640	襦
7105	E641	襤
7106	E642	襭
7107	E643	襪
7108	E644	襯
7109	E645	襴
7110	E646	襷
7111	E647	襾
7112	E648	覃
7113	E649	覈
7114	E64A	覊
7115	E64B	覓
7116	E64C	覘
7117	E64D	覡
7118	E64E	覩
7119	E64F	覦
7120	E650	覬
7121	E651	覯
7122	E652	覲
7123	E653	覺
7124	E654	覽
7125	E655	覿
7126	E656	觀
7127	E657	觚
7128	E658	觜
7129	E659	觝
7130	E65A	觧
7131	E65B	觴
7132	E65C	觸
7133	E65D	訃
7134	E65E	訖
7135	E65F	訐
7136	E660	訌
7137	E661	訛
7138	E662	訝
7139	E663	訥
7140	E664	訶
7141	E665	詁
7142	E666	詛
7143	E667	詒
7144	E668	詆
7145	E669	詈
7146	E66A	詼
7147	E66B	詭
7148	E66C	詬
7149	E66D	詢
7150	E66E	誅
7151	E66F	誂
7152	E670	誄
7153	E671	誨
7154	E672	誡
7155	E673	誑
7156	E674	誥
7157	E675	誦
7158	E676	誚
7159	E677	誣
7160	E678	諄
7161	E679	諍
7162	E67A	諂
7163	E67B	諚
7164	E67C	諫
7165	E67D	諳
7166	E67E	諧
7168	E680	諤
7169	E681	諱
7170	E682	謔
7171	E683	諠
7172	E684	諢
7173	E685	諷
7174	E686	諞
7175	E687	諛
7176	E688	謌
7177	E689	謇
7178	E68A	謚
7179	E68B	諡
7180	E68C	謖
7181	E68D	謐
7182	E68E	謗
7183	E68F	謠
7184	E690	謳
7185	E691	鞫
7186	E692	謦
7187	E693	謫
7188	E694	謾
7189	E695	謨
7190	E696	譁
7191	E697	譌
7192	E698	譏
7193	E699	譎
7194	E69A	證
7195	E69B	譖
7196	E69C	譛
7197	E69D	譚
7198	E69E	譫
7199	E69F	譟
7200	E6A0	譬
7201	E6A1	譯
7202	E6A2	譴
7203	E6A3	譽
7204	E6A4	讀
7205	E6A5	讌
7206	E6A6	讎
7207	E6A7	讒
7208	E6A8	讓
7209	E6A9	讖
7210	E6AA	讙
7211	E6AB	讚
7212	E6AC	谺
7213	E6AD	豁
7214	E6AE	谿
7215	E6AF	豈
7216	E6B0	豌
7217	E6B1	豎
7218	E6B2	豐
7219	E6B3	豕
7220	E6B4	豢
7221	E6B5	豬
7222	E6B6	豸
7223	E6B7	豺
7224	E6B8	貂
7225	E6B9	貉
7226	E6BA	貅
7227	E6BB	貊
7228	E6BC	貍
7229	E6BD	貎
7230	E6BE	貔
7231	E6BF	豼
7232	E6C0	貘
7233	E6C1	戝
7234	E6C2	貭
7235	E6C3	貪
7236	E6C4	貽
7237	E6C5	貲
7238	E6C6	貳
7239	E6C7	貮
7240	E6C8	貶
7241	E6C9	賈
7242	E6CA	賁
7243	E6CB	賤
7244	E6CC	賣
7245	E6CD	賚
7246	E6CE	賽
7247	E6CF	賺
7248	E6D0	賻
7249	E6D1	贄
7250	E6D2	贅
7251	E6D3	贊
7252	E6D4	贇
7253	E6D5	贏
7254	E6D6	贍
7255	E6D7	贐
7256	E6D8	齎
7257	E6D9	贓
7258	E6DA	賍
7259	E6DB	贔
7260	E6DC	贖
7261	E6DD	赧
7262	E6DE	赭
7263	E6DF	赱
7264	E6E0	赳
7265	E6E1	趁
7266	E6E2	趙
7267	E6E3	跂
7268	E6E4	趾
7269	E6E5	趺
7270	E6E6	跏
7271	E6E7	跚
7272	E6E8	跖
7273	E6E9	跌
7274	E6EA	跛
7275	E6EB	跋
7276	E6EC	跪
7277	E6ED	跫
7278	E6EE	跟
7279	E6EF	跣
7280	E6F0	跼
7281	E6F1	踈
7282	E6F2	踉
7283	E6F3	跿
7284	E6F4	踝
7285	E6F5	踞
7286	E6F6	踐
7287	E6F7	踟
7288	E6F8	蹂
7289	E6F9	踵
7290	E6FA	踰
7291	E6FB	踴
7292	E6FC	蹊
7296	E740	蹇
7297	E741	蹉
7298	E742	蹌
7299	E743	蹐
7300	E744	蹈
7301	E745	蹙
7302	E746	蹤
7303	E747	蹠
7304	E748	踪
7305	E749	蹣
7306	E74A	蹕
7307	E74B	蹶
7308	E74C	蹲
7309	E74D	蹼
7310	E74E	躁
7311	E74F	躇
7312	E750	躅
7313	E751	躄
7314	E752	躋
7315	E753	躊
7316	E754	躓
7317	E755	躑
7318	E756	躔
7319	E757	躙
7320	E758	躪
7321	E759	躡
7322	E75A	躬
7323	E75B	躰
7324	E75C	軆
7325	E75D	躱
7326	E75E	躾
7327	E75F	軅
7328	E760	軈
7329	E761	軋
7330	E762	軛
7331	E763	軣
7332	E764	軼
7333	E765	軻
7334	E766	軫
7335	E767	軾
7336	E768	輊
7337	E769	輅
7338	E76A	輕
7339	E76B	輒
7340	E76C	輙
7341	E76D	輓
7342	E76E	輜
7343	E76F	輟
7344	E770	輛
7345	E771	輌
7346	E772	輦
7347	E773	輳
7348	E774	輻
7349	E775	輹
7350	E776	轅
7351	E777	轂
7352	E778	輾
7353	E779	轌
7354	E77A	轉
7355	E77B	轆
7356	E77C	轎
7357	E77D	轗
7358	E77E	轜
7360	E780	轢
7361	E781	轣
7362	E782	轤
7363	E783	辜
7364	E784	辟
7365	E785	辣
7366	E786	辭
7367	E787	辯
7368	E788	辷
7369	E789	迚
7370	E78A	迥
7371	E78B	迢
7372	E78C	迪
7373	E78D	迯
7374	E78E	邇
7375	E78F	迴
7376	E790	逅
7377	E791	迹
7378	E792	迺
7379	E793	逑
7380	E794	逕
7381	E795	逡
7382	E796	逍
7383	E797	逞
7384	E798	逖
7385	E799	逋
7386	E79A	逧
7387	E79B	逶
7388	E79C	逵
7389	E79D	逹
7390	E79E	迸
7391	E79F	遏
7392	E7A0	遐
7393	E7A1	遑
7394	E7A2	遒
7395	E7A3	逎
7396	E7A4	遉
7397	E7A5	逾
7398	E7A6	遖
7399	E7A7	遘
7400	E7A8	遞
7401	E7A9	遨
7402	E7AA	遯
7403	E7AB	遶
7404	E7AC	隨
7405	E7AD	遲
7406	E7AE	邂
7407	E7AF	遽
7408	E7B0	邁
7409	E7B1	邀
7410	E7B2	邊
7411	E7B3	邉
7412	E7B4	邏
7413	E7B5	邨
7414	E7B6	邯
7415	E7B7	邱
7416	E7B8	邵
7417	E7B9	郢
7418	E7BA	郤
7419	E7BB	扈
7420	E7BC	郛
7421	E7BD	鄂
7422	E7BE	鄒
7423	E7BF	鄙
7424	E7C0	鄲
7425	E7C1	鄰
7426	E7C2	酊
7427	E7C3	酖
7428	E7C4	酘
7429	E7C5	酣
7430	E7C6	酥
7431	E7C7	酩
7432	E7C8	酳
7433	E7C9	酲
7434	E7CA	醋
7435	E7CB	醉
7436	E7CC	醂
7437	E7CD	醢
7438	E7CE	醫
7439	E7CF	醯
7440	E7D0	醪
7441	E7D1	醵
7442	E7D2	醴
7443	E7D3	醺
7444	E7D4	釀
7445	E7D5	釁
7446	E7D6	釉
7447	E7D7	釋
7448	E7D8	釐
7449	E7D9	釖
7450	E7DA	釟
7451	E7DB	釡
7452	E7DC	釛
7453	E7DD	釼
7454	E7DE	釵
7455	E7DF	釶
7456	E7E0	鈞
7457	E7E1	釿
7458	E7E2	鈔
7459	E7E3	鈬
7460	E7E4	鈕
7461	E7E5	鈑
7462	E7E6	鉞
7463	E7E7	鉗
7464	E7E8	鉅
7465	E7E9	鉉
7466	E7EA	鉤
7467	E7EB	鉈
7468	E7EC	銕
7469	E7ED	鈿
7470	E7EE	鉋
7471	E7EF	鉐
7472	E7F0	銜
7473	E7F1	銖
7474	E7F2	銓
7475	E7F3	銛
7476	E7F4	鉚
7477	E7F5	鋏
7478	E7F6	銹
7479	E7F7	銷
7480	E7F8	鋩
7481	E7F9	錏
7482	E7FA	鋺
7483	E7FB	鍄
7484	E7FC	錮
7488	E840	錙
7489	E841	錢
7490	E842	錚
7491	E843	錣
7492	E844	錺
7493	E845	錵
7494	E846	錻
7495	E847	鍜
7496	E848	鍠
7497	E849	鍼
7498	E84A	鍮
7499	E84B	鍖
7500	E84C	鎰
7501	E84D	鎬
7502	E84E	鎭
7503	E84F	鎔
7504	E850	鎹
7505	E851	鏖
7506	E852	鏗
7507	E853	鏨
7508	E854	鏥
7509	E855	鏘
7510	E856	鏃
7511	E857	鏝
7512	E858	鏐
7513	E859	鏈
7514	E85A	鏤
7515	E85B	鐚
7516	E85C	鐔
7517	E85D	鐓
7518	E85E	鐃
7519	E85F	鐇
7520	E860	鐐
7521	E861	鐶
7522	E862	鐫
7523	E863	鐵
7524	E864	鐡
7525	E865	鐺
7526	E866	鑁
7527	E867	鑒
7528	E868	鑄
7529	E869	鑛
7530	E86A	鑠
7531	E86B	鑢
7532	E86C	鑞
7533	E86D	鑪
7534	E86E	鈩
7535	E86F	鑰
7536	E870	鑵
7537	E871	鑷
7538	E872	鑽
7539	E873	鑚
7540	E874	鑼
7541	E875	鑾
7542	E876	钁
7543	E877	鑿
7544	E878	閂
7545	E879	閇
7546	E87A	閊
7547	E87B	閔
7548	E87C	閖
7549	E87D	閘
7550	E87E	閙
7552	E880	閠
7553	E881	閨
7554	E882	閧
7555	E883	閭
7556	E884	閼
7557	E885	閻
7558	E886	閹
7559	E887	閾
7560	E888	闊
7561	E889	濶
7562	E88A	闃
7563	E88B	闍
7564	E88C	闌
7565	E88D	闕
7566	E88E	闔
7567	E88F	闖
7568	E890	關
7569	E891	闡
7570	E892	闥
7571	E893	闢
7572	E894	阡
7573	E895	阨
7574	E896	阮
7575	E897	阯
7576	E898	陂
7577	E899	陌
7578	E89A	陏
7579	E89B	陋
7580	E89C	陷
7581	E89D	陜
7582	E89E	陞
7583	E89F	陝
7584	E8A0	陟
7585	E8A1	陦
7586	E8A2	陲
7587	E8A3	陬
7588	E8A4	隍
7589	E8A5	隘
7590	E8A6	隕
7591	E8A7	隗
7592	E8A8	險
7593	E8A9	隧
7594	E8AA	隱
7595	E8AB	隲
7596	E8AC	隰
7597	E8AD	隴
7598	E8AE	隶
7599	E8AF	隸
7600	E8B0	隹
7601	E8B1	雎
7602	E8B2	雋
7603	E8B3	雉
7604	E8B4	雍
7605	E8B5	襍
7606	E8B6	雜
7607	E8B7	霍
7608	E8B8	雕
7609	E8B9	雹
7610	E8BA	霄
7611	E8BB	霆
7612	E8BC	霈
7613	E8BD	霓
7614	E8BE	霎
7615	E8BF	霑
7616	E8C0	霏
7617	E8C1	霖
7618	E8C2	霙
7619	E8C3	霤
7620	E8C4	霪
7621	E8C5	霰
7622	E8C6	霹
7623	E8C7	霽
7624	E8C8	霾
7625	E8C9	靄
7626	E8CA	靆
7627	E8CB	靈
7628	E8CC	靂
7629	E8CD	靉
7630	E8CE	靜
7631	E8CF	靠
7632	E8D0	靤
7633	E8D1	靦
7634	E8D2	靨
7635	E8D3	勒
7636	E8D4	靫
7637	E8D5	靱
7638	E8D6	靹
7639	E8D7	鞅
7640	E8D8	靼
7641	E8D9	鞁
7642	E8DA	靺
7643	E8DB	鞆
7644	E8DC	鞋
7645	E8DD	鞏
7646	E8DE	鞐
7647	E8DF	鞜
7648	E8E0	鞨
7649	E8E1	鞦
7650	E8E2	鞣
7651	E8E3	鞳
7652	E8E4	鞴
7653	E8E5	韃
7654	E8E6	韆
7655	E8E7	韈
7656	E8E8	韋
7657	E8E9	韜
7658	E8EA	韭
7659	E8EB	齏
7660	E8EC	韲
7661	E8ED	竟
7662	E8EE	韶
7663	E8EF	韵
7664	E8F0	頏
7665	E8F1	頌
7666	E8F2	頸
7667	E8F3	頤
7668	E8F4	頡
7669	E8F5	頷
7670	E8F6	頽
7671	E8F7	顆
7672	E8F8	顏
7673	E8F9	顋
7674	E8FA	顫
7675	E8FB	顯
7676	E8FC	顰
7680	E940	顱
7681	E941	顴
7682	E942	顳
7683	E943	颪
7684	E944	颯
7685	E945	颱
7686	E946	颶
7687	E947	飄
7688	E948	飃
7689	E949	飆
7690	E94A	飩
7691	E94B	飫
7692	E94C	餃
7693	E94D	餉
7694	E94E	餒
7695	E94F	餔
7696	E950	餘
7697	E951	餡
7698	E952	餝
7699	E953	餞
7700	E954	餤
7701	E955	餠
7702	E956	餬
7703	E957	餮
7704	E958	餽
7705	E959	餾
7706	E95A	饂
7707	E95B	饉
7708	E95C	饅
7709	E95D	饐
7710	E95E	饋
7711	E95F	饑
7712	E960	饒
7713	E961	饌
7714	E962	饕
7715	E963	馗
7716	E964	馘
7717	E965	馥
7718	E966	馭
7719	E967	馮
7720	E968	馼
7721	E969	駟
7722	E96A	駛
7723	E96B	駝
7724	E96C	駘
7725	E96D	駑
7726	E96E	駭
7727	E96F	駮
7728	E970	駱
7729	E971	駲
7730	E972	駻
7731	E973	駸
7732	E974	騁
7733	E975	騏
7734	E976	騅
7735	E977	駢
7736	E978	騙
7737	E979	騫
7738	E97A	騷
7739	E97B	驅
7740	E97C	驂
7741	E97D	驀
7742	E97E	驃
7744	E980	騾
7745	E981	驕
7746	E982	驍
7747	E983	驛
7748	E984	驗
7749	E985	驟
7750	E986	驢
7751	E987	驥
7752	E988	驤
7753	E989	驩
7754	E98A	驫
7755	E98B	驪
7756	E98C	骭
7757	E98D	骰
7758	E98E	骼
7759	E98F	髀
7760	E990	髏
7761	E991	髑
7762	E992	髓
7763	E993	體
7764	E994	髞
7765	E995	髟
7766	E996	髢
7767	E997	髣
7768	E998	髦
7769	E999	髯
7770	E99A	髫
7771	E99B	髮
7772	E99C	髴
7773	E99D	髱
7774	E99E	髷
7775	E99F	髻
7776	E9A0	鬆
7777	E9A1	鬘
7778	E9A2	鬚
7779	E9A3	鬟
7780	E9A4	鬢
7781	E9A5	鬣
7782	E9A6	鬥
7783	E9A7	鬧
7784	E9A8	鬨
7785	E9A9	鬩
7786	E9AA	鬪
7787	E9AB	鬮
7788	E9AC	鬯
7789	E9AD	鬲
7790	E9AE	魄
7791	E9AF	魃
7792	E9B0	魏
7793	E9B1	魍
7794	E9B2	魎
7795	E9B3	魑
7796	E9B4	魘
7797	E9B5	魴
7798	E9B6	鮓
7799	E9B7	鮃
7800	E9B8	鮑
7801	E9B9	鮖
7802	E9BA	鮗
7803	E9BB	鮟
7804	E9BC	鮠
7805	E9BD	鮨
7806	E9BE	鮴
7807	E9BF	鯀
7808	E9C0	鯊
7809	E9C1	鮹
7810	E9C2	鯆
7811	E9C3	鯏
7812	E9C4	鯑
7813	E9C5	鯒
7814	E9C6	鯣
7815	E9C7	鯢
7816	E9C8	鯤
7817	E9C9	鯔
7818	E9CA	鯡
7819	E9CB	鰺
7820	E9CC	鯲
7821	E9CD	鯱
7822	E9CE	鯰
7823	E9CF	鰕
7824	E9D0	鰔
7825	E9D1	鰉
7826	E9D2	鰓
7827	E9D3	鰌
7828	E9D4	鰆
7829	E9D5	鰈
7830	E9D6	鰒
7831	E9D7	鰊
7832	E9D8	鰄
7833	E9D9	鰮
7834	E9DA	鰛
7835	E9DB	鰥
7836	E9DC	鰤
7837	E9DD	鰡
7838	E9DE	鰰
7839	E9DF	鱇
7840	E9E0	鰲
7841	E9E1	鱆
7842	E9E2	鰾
7843	E9E3	鱚
7844	E9E4	鱠
7845	E9E5	鱧
7846	E9E6	鱶
7847	E9E7	鱸
7848	E9E8	鳧
7849	E9E9	鳬
7850	E9EA	鳰
7851	E9EB	鴉
7852	E9EC	鴈
7853	E9ED	鳫
7854	E9EE	鴃
7855	E9EF	鴆
7856	E9F0	鴪
7857	E9F1	鴦
7858	E9F2	鶯
7859	E9F3	鴣
7860	E9F4	鴟
7861	E9F5	鵄
7862	E9F6	鴕
7863	E9F7	鴒
7864	E9F8	鵁
7865	E9F9	鴿
7866	E9FA	鴾
7867	E9FB	鵆
7868	E9FC	鵈
7872	EA40	鵝
7873	EA41	鵞
7874	EA42	鵤
7875	EA43	鵑
7876	EA44	鵐
7877	EA45	鵙
7878	EA46	鵲
7879	EA47	鶉
7880	EA48	鶇
7881	EA49	鶫
7882	EA4A	鵯
7883	EA4B	鵺
7884	EA4C	鶚
7885	EA4D	鶤
7886	EA4E	鶩
7887	EA4F	鶲
7888	EA50	鷄
7889	EA51	鷁
7890	EA52	鶻
7891	EA53	鶸
7892	EA54	鶺
7893	EA55	鷆
7894	EA56	鷏
7895	EA57	鷂
7896	EA58	鷙
7897	EA59	鷓
7898	EA5A	鷸
7899	EA5B	鷦
7900	EA5C	鷭
7901	EA5D	鷯
7902	EA5E	鷽
7903	EA5F	鸚
7904	EA60	鸛
7905	EA61	鸞
7906	EA62	鹵
7907	EA63	鹹
7908	EA64	鹽
7909	EA65	麁
7910	EA66	麈
7911	EA67	麋
7912	EA68	麌
7913	EA69	麒
7914	EA6A	麕
7915	EA6B	麑
7916	EA6C	麝
7917	EA6D	麥
7918	EA6E	麩
7919	EA6F	麸
7920	EA70	麪
7921	EA71	麭
7922	EA72	靡
7923	EA73	黌
7924	EA74	黎
7925	EA75	黏
7926	EA76	黐
7927	EA77	黔
7928	EA78	黜
7929	EA79	點
7930	EA7A	黝
7931	EA7B	黠
7932	EA7C	黥
7933	EA7D	黨
7934	EA7E	黯
7936	EA80	黴
7937	EA81	黶
7938	EA82	黷
7939	EA83	黹
7940	EA84	黻
7941	EA85	黼
7942	EA86	黽
7943	EA87	鼇
7944	EA88	鼈
7945	EA89	皷
7946	EA8A	鼕
7947	EA8B	鼡
7948	EA8C	鼬
7949	EA8D	鼾
7950	EA8E	齊
7951	EA8F	齒
7952	EA90	齔
7953	EA91	齣
7954	EA92	齟
7955	EA93	齠
7956	EA94	齡
7957	EA95	齦
7958	EA96	齧
7959	EA97	齬
7960	EA98	齪
7961	EA99	齷
7962	EA9A	齲
7963	EA9B	齶
7964	EA9C	龕
7965	EA9D	龜
7966	EA9E	龠
7967	EA9F	堯
7968	EAA0	槇
7969	EAA1	遙
7970	EAA2	瑤
7971	EAA3	凜
7972	EAA4	熙
